ts,co_m,eth_m,voc_m,no2,c2h50h_gm,voc_gm,co_gm
1764058582648,46.236,74.06,19.363,0.915,0.961,0.816,0.127
1764058590197,52.377,87.18,22.303,0.916,0.961,0.82,0.131
1764058590449,44.902,71.28,18.732,0.916,0.961,0.82,0.13
1764058590943,45.568,72.664,19.046,0.917,0.961,0.82,0.13
1764058591190,46.236,74.06,19.363,0.917,0.96,0.82,0.131
1764058591695,46.236,74.06,19.363,0.917,0.961,0.82,0.13
1764058592118,46.236,74.06,19.363,0.918,0.961,0.82,0.132
1764058592415,46.236,74.06,19.363,0.918,0.961,0.82,0.132
1764058592831,45.568,72.664,19.046,0.918,0.961,0.82,0.133
1764058593078,46.236,74.06,19.363,0.918,0.96,0.821,0.134
1764058593578,46.236,74.06,19.363,0.919,0.961,0.82,0.136
1764058593836,46.236,74.06,19.363,0.919,0.961,0.821,0.136
1764058594103,46.906,75.468,19.682,0.921,0.96,0.822,0.138
1764058594236,45.568,72.664,19.046,0.921,0.961,0.822,0.138
1764058594794,46.236,74.06,19.363,0.921,0.961,0.823,0.138
1764058594972,45.568,72.664,19.046,0.921,0.96,0.823,0.138
1764058595133,45.568,72.664,19.046,0.922,0.961,0.825,0.138
1764058595463,46.236,74.06,19.363,0.922,0.961,0.823,0.139
1764058595558,46.236,74.06,19.363,0.922,0.961,0.823,0.14
1764058595958,45.568,72.664,19.046,0.924,0.961,0.824,0.14
1764058596227,46.236,74.06,19.363,0.922,0.961,0.824,0.14
1764058596412,46.236,74.06,19.363,0.923,0.961,0.823,0.14
1764058597209,46.236,74.06,19.363,0.923,0.96,0.826,0.141
1764058597521,48.257,78.322,20.325,0.924,0.96,0.826,0.142
1764058597949,46.906,75.468,19.682,0.924,0.961,0.826,0.142
1764058598427,47.58,76.889,20.002,0.923,0.961,0.826,0.142
1764058598695,47.58,76.889,20.002,0.925,0.96,0.828,0.143
1764058598865,46.236,74.06,19.363,0.924,0.961,0.828,0.142
1764058599414,46.236,74.06,19.363,0.925,0.961,0.828,0.143
1764058599661,47.58,76.889,20.002,0.924,0.961,0.828,0.144
1764058599841,46.906,75.468,19.682,0.925,0.96,0.828,0.143
1764058600704,46.906,75.468,19.682,0.924,0.96,0.828,0.143
1764058600975,47.58,76.889,20.002,0.924,0.96,0.829,0.144
1764058601237,48.257,78.322,20.325,0.924,0.961,0.828,0.144
1764058601614,47.58,76.889,20.002,0.925,0.96,0.828,0.145
1764058601728,46.906,75.468,19.682,0.925,0.96,0.832,0.144
1764058602216,47.58,76.889,20.002,0.925,0.96,0.829,0.144
1764058602541,47.58,76.889,20.002,0.925,0.96,0.832,0.145
1764058602753,47.58,76.889,20.002,0.925,0.96,0.832,0.144
1764058603036,46.906,75.468,19.682,0.925,0.96,0.832,0.144
1764058603145,47.58,76.889,20.002,0.925,0.961,0.832,0.144
1764058603797,47.58,76.889,20.002,0.925,0.96,0.832,0.144
1764058603959,48.936,79.767,20.65,0.925,0.96,0.832,0.145
1764058604344,46.906,75.468,19.682,0.925,0.961,0.829,0.145
1764058604373,47.58,76.889,20.002,0.925,0.96,0.832,0.145
1764058604749,47.58,76.889,20.002,0.925,0.96,0.832,0.145
1764058605119,47.58,76.889,20.002,0.925,0.96,0.832,0.145
1764058605231,48.257,78.322,20.325,0.925,0.96,0.832,0.145
1764058605588,47.58,76.889,20.002,0.925,0.96,0.832,0.145
1764058605999,47.58,76.889,20.002,0.925,0.96,0.832,0.145
1764058606163,48.257,78.322,20.325,0.925,0.961,0.832,0.145
1764058606911,50.304,82.695,21.305,0.925,0.961,0.832,0.145
1764058607362,49.619,81.225,20.976,0.925,0.96,0.832,0.146
1764058607644,48.936,79.767,20.65,0.925,0.96,0.832,0.146
1764058607934,48.936,79.767,20.65,0.925,0.96,0.832,0.146
1764058608221,48.257,78.322,20.325,0.925,0.96,0.833,0.146
1764058608518,48.257,78.322,20.325,0.925,0.96,0.832,0.146
1764058608713,48.257,78.322,20.325,0.925,0.96,0.832,0.146
1764058608875,47.58,76.889,20.002,0.925,0.96,0.832,0.146
1764058609463,48.257,78.322,20.325,0.925,0.96,0.832,0.145
1764058609748,47.58,76.889,20.002,0.925,0.96,0.832,0.146
1764058610354,49.619,81.225,20.976,0.925,0.96,0.833,0.146
1764058610749,48.936,79.767,20.65,0.925,0.96,0.834,0.146
1764058610932,48.936,79.767,20.65,0.925,0.96,0.833,0.146
1764058611088,48.257,78.322,20.325,0.925,0.96,0.833,0.146
1764058611497,48.257,78.322,20.325,0.925,0.96,0.833,0.147
1764058611762,48.936,79.767,20.65,0.925,0.96,0.834,0.147
1764058611872,48.257,78.322,20.325,0.925,0.96,0.834,0.146
1764058612167,48.257,78.322,20.325,0.925,0.96,0.833,0.147
1764058612561,48.936,79.767,20.65,0.925,0.961,0.833,0.147
1764058612673,47.58,76.889,20.002,0.925,0.96,0.834,0.147
1764058613087,48.257,78.322,20.325,0.926,0.96,0.834,0.147
1764058613222,48.936,79.767,20.65,0.926,0.96,0.834,0.147
1764058613481,48.257,78.322,20.325,0.925,0.96,0.833,0.146
1764058613916,48.936,79.767,20.65,0.925,0.96,0.834,0.147
1764058613970,48.936,79.767,20.65,0.925,0.96,0.834,0.147
1764058614240,48.936,79.767,20.65,0.925,0.96,0.833,0.147
1764058614705,48.257,78.322,20.325,0.925,0.96,0.834,0.147
1764058614976,48.936,79.767,20.65,0.925,0.96,0.834,0.147
1764058615267,48.936,79.767,20.65,0.926,0.96,0.833,0.147
1764058615365,48.936,79.767,20.65,0.926,0.961,0.834,0.148
1764058615823,48.936,79.767,20.65,0.925,0.96,0.834,0.147
1764058616031,48.936,79.767,20.65,0.925,0.96,0.836,0.147
1764058616279,48.936,79.767,20.65,0.925,0.96,0.836,0.146
1764058616692,48.936,79.767,20.65,0.926,0.96,0.836,0.147
1764058617047,48.936,79.767,20.65,0.925,0.96,0.834,0.147
1764058617324,49.619,81.225,20.976,0.925,0.96,0.836,0.148
1764058617431,49.619,81.225,20.976,0.926,0.96,0.836,0.148
1764058617992,48.936,79.767,20.65,0.926,0.96,0.834,0.148
1764058618275,49.619,81.225,20.976,0.926,0.96,0.836,0.148
1764058618720,49.619,81.225,20.976,0.925,0.96,0.836,0.148
1764058618913,49.619,81.225,20.976,0.926,0.96,0.834,0.148
1764058619075,50.304,82.695,21.305,0.926,0.96,0.836,0.148
1764058619495,48.936,79.767,20.65,0.925,0.96,0.836,0.147
1764058619649,49.619,81.225,20.976,0.926,0.961,0.836,0.148
1764058620230,49.619,81.225,20.976,0.925,0.96,0.836,0.148
1764058620494,50.304,82.695,21.305,0.926,0.96,0.836,0.148
1764058620722,48.936,79.767,20.65,0.928,0.96,0.836,0.148
1764058620966,48.936,79.767,20.65,0.926,0.96,0.836,0.149
1764058621247,48.936,79.767,20.65,0.926,0.96,0.837,0.148
1764058621383,48.936,79.767,20.65,0.926,0.96,0.836,0.148
1764058621556,48.936,79.767,20.65,0.928,0.96,0.836,0.147
1764058621899,49.619,81.225,20.976,0.925,0.96,0.836,0.148
1764058622390,48.936,79.767,20.65,0.925,0.96,0.836,0.148
1764058622695,49.619,81.225,20.976,0.926,0.96,0.836,0.149
1764058622871,50.304,82.695,21.305,0.926,0.96,0.836,0.149
1764058623354,49.619,81.225,20.976,0.926,0.96,0.836,0.149
1764058623633,49.619,81.225,20.976,0.928,0.96,0.837,0.148
1764058624010,50.304,82.695,21.305,0.928,0.96,0.836,0.148
1764058624485,50.304,82.695,21.305,0.928,0.96,0.836,0.149
1764058624726,50.304,82.695,21.305,0.928,0.96,0.836,0.149
1764058624771,49.619,81.225,20.976,0.926,0.961,0.836,0.148
1764058625689,49.619,81.225,20.976,0.928,0.96,0.836,0.148
1764058625831,50.304,82.695,21.305,0.928,0.96,0.836,0.149
1764058626344,50.992,84.178,21.636,0.928,0.96,0.836,0.148
1764058626623,50.304,82.695,21.305,0.925,0.96,0.836,0.148
1764058627141,49.619,81.225,20.976,0.928,0.961,0.838,0.149
1764058627645,50.992,84.178,21.636,0.928,0.96,0.837,0.148
1764058627835,50.304,82.695,21.305,0.928,0.96,0.837,0.149
1764058627877,50.992,84.178,21.636,0.928,0.96,0.838,0.149
1764058628128,49.619,81.225,20.976,0.928,0.96,0.838,0.149
1764058628408,49.619,81.225,20.976,0.928,0.96,0.838,0.149
1764058628969,49.619,81.225,20.976,0.928,0.96,0.838,0.149
1764058629267,49.619,81.225,20.976,0.926,0.96,0.837,0.148
1764058629449,49.619,81.225,20.976,0.928,0.96,0.838,0.148
1764058629726,50.304,82.695,21.305,0.928,0.96,0.838,0.149
1764058630022,49.619,81.225,20.976,0.928,0.96,0.838,0.148
1764058630380,49.619,81.225,20.976,0.928,0.96,0.838,0.149
1764058630844,50.304,82.695,21.305,0.926,0.96,0.838,0.148
1764058631001,50.304,82.695,21.305,0.926,0.96,0.838,0.149
1764058631339,50.304,82.695,21.305,0.926,0.96,0.838,0.149
1764058631684,49.619,81.225,20.976,0.928,0.96,0.838,0.148
1764058631981,49.619,81.225,20.976,0.928,0.96,0.839,0.148
1764058632438,50.304,82.695,21.305,0.928,0.96,0.839,0.149
1764058632828,51.683,85.672,21.968,0.928,0.96,0.839,0.148
1764058632970,50.992,84.178,21.636,0.928,0.96,0.838,0.149
1764058633657,49.619,81.225,20.976,0.928,0.96,0.839,0.148
1764058634200,51.683,85.672,21.968,0.928,0.96,0.839,0.15
1764058634321,50.304,82.695,21.305,0.926,0.96,0.839,0.148
1764058634424,50.304,82.695,21.305,0.928,0.96,0.839,0.149
1764058634903,50.304,82.695,21.305,0.928,0.96,0.839,0.149
1764058635057,50.304,82.695,21.305,0.928,0.96,0.839,0.149
1764058635463,50.304,82.695,21.305,0.928,0.96,0.839,0.147
1764058635926,50.992,84.178,21.636,0.928,0.96,0.839,0.148
1764058636591,50.304,82.695,21.305,0.926,0.96,0.84,0.148
1764058636591,51.683,85.672,21.968,0.926,0.96,0.84,0.148
1764058637239,50.304,82.695,21.305,0.928,0.96,0.84,0.148
1764058637618,51.683,85.672,21.968,0.926,0.96,0.839,0.147
1764058638287,50.992,84.178,21.636,0.928,0.96,0.839,0.146
1764058638721,52.377,87.18,22.303,0.926,0.96,0.839,0.147
1764058638929,50.992,84.178,21.636,0.926,0.96,0.839,0.146
1764058639424,50.304,82.695,21.305,0.926,0.96,0.839,0.147
1764058639588,51.683,85.672,21.968,0.928,0.96,0.84,0.146
1764058640088,50.304,82.695,21.305,0.926,0.96,0.839,0.146
1764058640347,50.304,82.695,21.305,0.926,0.96,0.839,0.146
1764058640532,50.304,82.695,21.305,0.926,0.96,0.839,0.145
1764058641010,50.304,82.695,21.305,0.925,0.96,0.839,0.145
1764058641318,51.683,85.672,21.968,0.926,0.96,0.839,0.144
1764058641406,51.683,85.672,21.968,0.925,0.96,0.839,0.144
1764058642058,50.304,82.695,21.305,0.925,0.96,0.838,0.142
1764058642515,50.304,82.695,21.305,0.925,0.96,0.839,0.142
1764058642798,51.683,85.672,21.968,0.924,0.96,0.838,0.14
1764058642966,50.304,82.695,21.305,0.924,0.96,0.838,0.14
1764058643125,50.304,82.695,21.305,0.922,0.96,0.838,0.139
1764058643373,50.304,82.695,21.305,0.922,0.96,0.837,0.138
1764058644030,52.377,87.18,22.303,0.922,0.96,0.837,0.139
1764058644295,50.304,82.695,21.305,0.921,0.96,0.836,0.138
1764058644677,48.936,79.767,20.65,0.921,0.96,0.837,0.137
1764058645296,50.304,82.695,21.305,0.92,0.96,0.836,0.137
1764058645594,50.992,84.178,21.636,0.919,0.96,0.836,0.137
1764058645980,50.304,82.695,21.305,0.918,0.96,0.836,0.137
1764058646078,50.304,82.695,21.305,0.919,0.96,0.834,0.137
1764058646352,49.619,81.225,20.976,0.919,0.96,0.836,0.137
1764058646637,49.619,81.225,20.976,0.919,0.96,0.834,0.137
1764058646750,49.619,81.225,20.976,0.919,0.957,0.834,0.137
1764058647197,49.619,81.225,20.976,0.919,0.96,0.834,0.136
1764058647197,49.619,81.225,20.976,0.919,0.96,0.834,0.136
1764058647771,49.619,81.225,20.976,0.918,0.96,0.834,0.136
1764058648066,49.619,81.225,20.976,0.919,0.96,0.834,0.135
1764058648313,49.619,81.225,20.976,0.919,0.96,0.833,0.134
1764058648604,50.304,82.695,21.305,0.918,0.96,0.833,0.134
1764058648723,49.619,81.225,20.976,0.917,0.96,0.832,0.132
1764058649178,48.936,79.767,20.65,0.917,0.96,0.832,0.131
1764058649272,50.304,82.695,21.305,0.917,0.96,0.832,0.132
1764058649561,48.936,79.767,20.65,0.917,0.96,0.832,0.131
1764058650040,48.936,79.767,20.65,0.916,0.96,0.832,0.13
1764058650206,49.619,81.225,20.976,0.915,0.96,0.829,0.13
1764058650558,48.936,79.767,20.65,0.914,0.96,0.829,0.13
1764058650874,48.936,79.767,20.65,0.914,0.957,0.829,0.13
1764058650999,48.936,79.767,20.65,0.913,0.96,0.829,0.129
1764058651313,48.936,79.767,20.65,0.913,0.96,0.828,0.128
1764058651500,48.936,79.767,20.65,0.913,0.96,0.828,0.129
1764058651799,48.936,79.767,20.65,0.912,0.96,0.828,0.129
1764058651923,48.936,79.767,20.65,0.913,0.96,0.828,0.129
1764058652268,48.257,78.322,20.325,0.912,0.96,0.826,0.128
1764058652620,48.936,79.767,20.65,0.912,0.96,0.828,0.128
1764058652751,48.936,79.767,20.65,0.912,0.96,0.826,0.127
1764058652937,49.619,81.225,20.976,0.91,0.958,0.825,0.127
1764058653373,48.257,78.322,20.325,0.91,0.96,0.826,0.128
1764058653502,48.257,78.322,20.325,0.912,0.958,0.826,0.126
1764058653765,48.257,78.322,20.325,0.91,0.96,0.826,0.125
1764058654140,48.257,78.322,20.325,0.91,0.957,0.825,0.125
1764058654242,48.936,79.767,20.65,0.909,0.957,0.823,0.124
1764058654705,48.257,78.322,20.325,0.909,0.957,0.823,0.124
1764058654711,48.257,78.322,20.325,0.91,0.957,0.823,0.124
1764058655365,48.257,78.322,20.325,0.909,0.96,0.822,0.123
1764058655453,49.619,81.225,20.976,0.909,0.957,0.822,0.123
1764058655851,48.257,78.322,20.325,0.909,0.957,0.822,0.123
1764058656288,48.257,78.322,20.325,0.908,0.957,0.822,0.123
1764058656475,48.257,78.322,20.325,0.907,0.957,0.822,0.123
1764058656884,48.257,78.322,20.325,0.906,0.956,0.821,0.124
1764058657609,48.936,79.767,20.65,0.908,0.96,0.822,0.123
1764058658346,48.936,79.767,20.65,0.907,0.957,0.82,0.123
1764058658536,48.257,78.322,20.325,0.906,0.957,0.818,0.122
1764058659007,48.936,79.767,20.65,0.905,0.957,0.818,0.122
1764058659497,48.257,78.322,20.325,0.905,0.957,0.818,0.123
1764058659754,48.936,79.767,20.65,0.905,0.956,0.818,0.123
1764058660159,48.257,78.322,20.325,0.905,0.96,0.817,0.123
1764058660237,48.257,78.322,20.325,0.905,0.957,0.817,0.122
1764058660602,46.906,75.468,19.682,0.905,0.957,0.816,0.122
1764058660644,47.58,76.889,20.002,0.903,0.957,0.817,0.122
1764058661006,47.58,76.889,20.002,0.905,0.957,0.816,0.121
1764058661518,47.58,76.889,20.002,0.905,0.957,0.816,0.122
1764058661898,47.58,76.889,20.002,0.904,0.957,0.815,0.122
1764058662133,46.906,75.468,19.682,0.904,0.956,0.815,0.122
1764058662381,47.58,76.889,20.002,0.904,0.957,0.815,0.122
1764058662759,46.906,75.468,19.682,0.904,0.957,0.815,0.122
1764058663135,46.906,75.468,19.682,0.903,0.956,0.814,0.123
1764058663497,48.257,78.322,20.325,0.904,0.957,0.815,0.124
1764058663538,46.236,74.06,19.363,0.905,0.956,0.814,0.123
1764058664071,46.906,75.468,19.682,0.905,0.956,0.814,0.123
1764058664427,46.906,75.468,19.682,0.903,0.956,0.814,0.123
1764058664723,47.58,76.889,20.002,0.903,0.956,0.814,0.123
1764058664940,46.236,74.06,19.363,0.904,0.956,0.814,0.123
1764058665191,46.236,74.06,19.363,0.903,0.956,0.814,0.123
1764058665741,46.236,74.06,19.363,0.904,0.956,0.814,0.122
1764058666459,46.236,74.06,19.363,0.903,0.957,0.813,0.122
1764058666921,46.906,75.468,19.682,0.904,0.956,0.813,0.121
1764058667538,47.58,76.889,20.002,0.904,0.956,0.812,0.12
1764058667758,47.58,76.889,20.002,0.903,0.954,0.81,0.12
1764058668298,45.568,72.664,19.046,0.903,0.956,0.812,0.12
1764058669336,46.236,74.06,19.363,0.902,0.957,0.81,0.12
1764058669552,48.257,78.322,20.325,0.901,0.955,0.809,0.119
1764058669632,45.568,72.664,19.046,0.901,0.955,0.807,0.119
1764058670263,45.568,72.664,19.046,0.9,0.957,0.809,0.118
1764058670466,45.568,72.664,19.046,0.9,0.956,0.809,0.118
1764058670732,45.568,72.664,19.046,0.899,0.956,0.807,0.117
1764058671122,44.902,71.28,18.732,0.9,0.956,0.806,0.116
1764058671230,45.568,72.664,19.046,0.898,0.955,0.806,0.116
1764058671755,44.24,69.909,18.419,0.898,0.956,0.806,0.117
1764058671874,44.902,71.28,18.732,0.897,0.956,0.805,0.116
1764058672219,44.902,71.28,18.732,0.898,0.956,0.806,0.116
1764058672513,44.902,71.28,18.732,0.897,0.955,0.805,0.116
1764058673172,44.24,69.909,18.419,0.898,0.955,0.804,0.116
1764058673478,45.568,72.664,19.046,0.897,0.956,0.804,0.116
1764058673639,44.902,71.28,18.732,0.897,0.956,0.804,0.116
1764058673925,44.24,69.909,18.419,0.898,0.955,0.804,0.117
1764058674115,44.24,69.909,18.419,0.898,0.956,0.802,0.116
1764058674479,43.581,68.549,18.108,0.897,0.955,0.804,0.117
1764058674864,43.581,68.549,18.108,0.897,0.955,0.802,0.116
1764058675148,44.24,69.909,18.419,0.897,0.954,0.801,0.116
1764058675535,44.24,69.909,18.419,0.897,0.955,0.801,0.115
1764058675787,44.24,69.909,18.419,0.896,0.955,0.801,0.115
1764058676450,44.24,69.909,18.419,0.897,0.956,0.8,0.114
1764058676835,44.902,71.28,18.732,0.896,0.956,0.8,0.115
1764058677018,44.24,69.909,18.419,0.896,0.955,0.798,0.114
1764058677594,43.581,68.549,18.108,0.896,0.955,0.797,0.115
1764058677690,44.24,69.909,18.419,0.896,0.954,0.797,0.115
1764058678415,42.925,67.202,17.799,0.896,0.955,0.797,0.115
1764058678906,43.581,68.549,18.108,0.896,0.956,0.797,0.114
1764058679068,44.24,69.909,18.419,0.896,0.955,0.796,0.114
1764058679339,43.581,68.549,18.108,0.896,0.955,0.796,0.114
1764058679546,43.581,68.549,18.108,0.896,0.954,0.796,0.114
1764058680219,42.925,67.202,17.799,0.896,0.954,0.796,0.114
1764058680589,44.24,69.909,18.419,0.896,0.955,0.793,0.112
1764058681145,43.581,68.549,18.108,0.896,0.954,0.794,0.114
1764058681619,43.581,68.549,18.108,0.896,0.954,0.793,0.113
1764058681816,43.581,68.549,18.108,0.896,0.955,0.793,0.113
1764058681908,43.581,68.549,18.108,0.893,0.954,0.791,0.113
1764058682375,42.271,65.868,17.492,0.896,0.954,0.793,0.113
1764058682940,42.925,67.202,17.799,0.896,0.955,0.791,0.113
1764058683107,44.24,69.909,18.419,0.893,0.954,0.79,0.112
1764058683682,42.271,65.868,17.492,0.892,0.954,0.789,0.112
1764058684022,42.925,67.202,17.799,0.893,0.954,0.79,0.112
1764058684441,42.271,65.868,17.492,0.893,0.955,0.79,0.111
1764058684649,42.925,67.202,17.799,0.892,0.954,0.789,0.11
1764058685327,42.925,67.202,17.799,0.893,0.954,0.788,0.11
1764058685772,42.271,65.868,17.492,0.89,0.954,0.788,0.111
1764058686186,43.581,68.549,18.108,0.89,0.954,0.786,0.11
1764058686425,42.925,67.202,17.799,0.889,0.954,0.785,0.11
1764058686726,41.62,64.545,17.188,0.889,0.954,0.784,0.11
1764058687288,42.925,67.202,17.799,0.889,0.954,0.784,0.111
1764058687638,42.925,67.202,17.799,0.888,0.954,0.782,0.11
1764058688044,42.271,65.868,17.492,0.889,0.954,0.782,0.11
1764058688573,42.271,65.868,17.492,0.889,0.953,0.782,0.109
1764058688706,42.271,65.868,17.492,0.89,0.954,0.78,0.109
1764058689065,40.973,63.235,16.885,0.889,0.953,0.78,0.109
1764058689357,40.973,63.235,16.885,0.889,0.954,0.78,0.109
1764058689555,41.62,64.545,17.188,0.889,0.953,0.78,0.109
1764058690513,40.973,63.235,16.885,0.889,0.953,0.78,0.109
1764058691028,42.925,67.202,17.799,0.888,0.953,0.778,0.109
1764058691336,42.925,67.202,17.799,0.889,0.953,0.777,0.109
1764058691693,41.62,64.545,17.188,0.888,0.953,0.776,0.109
1764058692074,41.62,64.545,17.188,0.887,0.953,0.775,0.109
1764058692485,40.973,63.235,16.885,0.887,0.953,0.775,0.109
1764058693103,40.973,63.235,16.885,0.889,0.953,0.775,0.109
1764058693145,41.62,64.545,17.188,0.889,0.953,0.774,0.108
1764058693307,40.973,63.235,16.885,0.889,0.953,0.774,0.108
1764058694232,40.328,61.936,16.584,0.888,0.954,0.774,0.108
1764058694393,41.62,64.545,17.188,0.889,0.953,0.773,0.108
1764058694465,41.62,64.545,17.188,0.888,0.953,0.772,0.107
1764058695089,40.328,61.936,16.584,0.887,0.953,0.772,0.107
1764058695165,40.973,63.235,16.885,0.886,0.953,0.772,0.106
1764058695568,40.328,61.936,16.584,0.885,0.953,0.769,0.106
1764058695735,40.328,61.936,16.584,0.885,0.952,0.769,0.107
1764058696124,39.686,60.65,16.285,0.885,0.953,0.768,0.106
1764058696246,39.686,60.65,16.285,0.885,0.951,0.768,0.106
1764058696882,39.686,60.65,16.285,0.885,0.953,0.768,0.106
1764058697169,40.328,61.936,16.584,0.885,0.952,0.768,0.106
1764058697352,39.686,60.65,16.285,0.885,0.952,0.768,0.106
1764058697439,39.686,60.65,16.285,0.885,0.952,0.768,0.107
1764058697849,39.686,60.65,16.285,0.885,0.952,0.768,0.107
1764058698252,39.686,60.65,16.285,0.885,0.951,0.768,0.107
1764058698359,40.328,61.936,16.584,0.885,0.953,0.768,0.107
1764058698820,40.328,61.936,16.584,0.885,0.952,0.768,0.107
1764058699008,39.686,60.65,16.285,0.885,0.951,0.768,0.107
1764058699335,39.047,59.376,15.988,0.885,0.952,0.768,0.107
1764058699478,39.047,59.376,15.988,0.885,0.952,0.768,0.107
1764058699947,38.411,58.115,15.693,0.885,0.951,0.768,0.107
1764058700412,39.047,59.376,15.988,0.885,0.951,0.768,0.107
1764058700722,39.047,59.376,15.988,0.885,0.952,0.768,0.107
1764058701019,40.973,63.235,16.885,0.884,0.951,0.764,0.107
1764058701454,40.328,61.936,16.584,0.885,0.951,0.764,0.107
1764058701653,39.686,60.65,16.285,0.886,0.953,0.764,0.107
1764058702292,39.047,59.376,15.988,0.886,0.951,0.763,0.107
1764058702605,40.328,61.936,16.584,0.886,0.952,0.764,0.108
1764058703056,39.047,59.376,15.988,0.886,0.951,0.764,0.107
1764058703372,39.686,60.65,16.285,0.886,0.951,0.764,0.108
1764058703839,39.047,59.376,15.988,0.886,0.952,0.762,0.108
1764058704105,39.686,60.65,16.285,0.887,0.951,0.762,0.108
1764058704441,39.047,59.376,15.988,0.886,0.95,0.762,0.108
1764058704828,39.047,59.376,15.988,0.887,0.95,0.762,0.108
1764058705206,39.686,60.65,16.285,0.887,0.95,0.762,0.108
1764058705769,38.411,58.115,15.693,0.888,0.951,0.762,0.109
1764058705957,39.686,60.65,16.285,0.889,0.951,0.762,0.11
1764058706150,38.411,58.115,15.693,0.89,0.95,0.763,0.111
1764058706804,39.047,59.376,15.988,0.889,0.951,0.764,0.112
1764058707208,40.328,61.936,16.584,0.891,0.95,0.768,0.114
1764058707379,38.411,58.115,15.693,0.891,0.95,0.768,0.115
1764058707667,38.411,58.115,15.693,0.892,0.95,0.768,0.115
1764058707790,38.411,58.115,15.693,0.892,0.951,0.768,0.115
1764058708368,38.411,58.115,15.693,0.896,0.951,0.768,0.116
1764058708654,39.047,59.376,15.988,0.896,0.951,0.768,0.117
1764058709107,37.778,56.865,15.4,0.896,0.951,0.768,0.118
1764058709497,39.047,59.376,15.988,0.896,0.951,0.768,0.117
1764058709764,39.047,59.376,15.988,0.896,0.95,0.768,0.119
1764058710143,38.411,58.115,15.693,0.897,0.951,0.769,0.118
1764058710345,38.411,58.115,15.693,0.897,0.951,0.77,0.119
1764058710537,39.047,59.376,15.988,0.898,0.951,0.77,0.119
1764058710998,38.411,58.115,15.693,0.898,0.951,0.77,0.119
1764058711205,37.778,56.865,15.4,0.897,0.951,0.77,0.119
1764058711737,39.047,59.376,15.988,0.898,0.951,0.772,0.121
1764058712113,39.047,59.376,15.988,0.898,0.951,0.772,0.121
1764058712486,39.047,59.376,15.988,0.9,0.951,0.772,0.121
1764058712875,39.686,60.65,16.285,0.9,0.95,0.772,0.121
1764058713143,39.686,60.65,16.285,0.901,0.95,0.773,0.121
1764058713523,38.411,58.115,15.693,0.9,0.95,0.773,0.121
1764058713933,38.411,58.115,15.693,0.901,0.951,0.773,0.121
1764058714194,39.047,59.376,15.988,0.9,0.95,0.774,0.122
1764058714492,37.778,56.865,15.4,0.901,0.951,0.774,0.122
1764058714931,39.047,59.376,15.988,0.902,0.95,0.774,0.122
1764058715392,39.686,60.65,16.285,0.902,0.951,0.774,0.123
1764058715683,39.047,59.376,15.988,0.902,0.95,0.775,0.122
1764058716254,39.686,60.65,16.285,0.902,0.95,0.775,0.123
1764058716439,39.047,59.376,15.988,0.902,0.951,0.777,0.124
1764058716885,39.686,60.65,16.285,0.903,0.95,0.777,0.123
1764058717109,39.047,59.376,15.988,0.903,0.951,0.776,0.123
1764058717583,39.686,60.65,16.285,0.903,0.95,0.776,0.124
1764058717914,37.778,56.865,15.4,0.903,0.95,0.778,0.124
1764058718242,39.047,59.376,15.988,0.905,0.951,0.778,0.124
1764058718387,39.686,60.65,16.285,0.903,0.95,0.778,0.125
1764058718876,39.047,59.376,15.988,0.904,0.95,0.78,0.125
1764058719236,39.047,59.376,15.988,0.905,0.95,0.78,0.125
1764058719721,39.047,59.376,15.988,0.905,0.951,0.778,0.125
1764058719888,39.686,60.65,16.285,0.905,0.95,0.78,0.125
1764058720208,39.047,59.376,15.988,0.905,0.951,0.78,0.126
1764058720566,39.047,59.376,15.988,0.905,0.95,0.78,0.126
1764058720945,39.686,60.65,16.285,0.905,0.951,0.78,0.125
1764058721225,39.047,59.376,15.988,0.906,0.951,0.781,0.125
1764058721501,39.686,60.65,16.285,0.905,0.951,0.781,0.125
1764058721707,39.047,59.376,15.988,0.906,0.951,0.781,0.126
1764058721959,39.047,59.376,15.988,0.906,0.951,0.781,0.125
1764058722340,39.047,59.376,15.988,0.906,0.951,0.782,0.125
1764058722521,39.047,59.376,15.988,0.906,0.951,0.782,0.126
1764058722995,39.047,59.376,15.988,0.906,0.951,0.782,0.126
1764058723178,39.686,60.65,16.285,0.907,0.953,0.783,0.126
1764058723672,39.686,60.65,16.285,0.906,0.951,0.782,0.127
1764058724182,40.328,61.936,16.584,0.907,0.953,0.785,0.127
1764058724421,39.686,60.65,16.285,0.908,0.952,0.784,0.127
1764058724668,39.047,59.376,15.988,0.909,0.953,0.785,0.128
1764058725072,39.047,59.376,15.988,0.909,0.952,0.784,0.128
1764058725430,39.686,60.65,16.285,0.909,0.953,0.786,0.127
1764058725623,40.328,61.936,16.584,0.909,0.953,0.785,0.128
1764058726074,39.047,59.376,15.988,0.909,0.953,0.785,0.128
1764058726269,39.686,60.65,16.285,0.909,0.953,0.786,0.128
1764058726722,39.686,60.65,16.285,0.909,0.951,0.785,0.128
1764058727129,39.686,60.65,16.285,0.91,0.953,0.786,0.128
1764058727543,40.328,61.936,16.584,0.909,0.952,0.786,0.128
1764058727787,39.686,60.65,16.285,0.91,0.953,0.786,0.128
1764058728215,39.686,60.65,16.285,0.909,0.953,0.786,0.128
1764058728363,38.411,58.115,15.693,0.91,0.954,0.788,0.128
1764058728422,39.686,60.65,16.285,0.909,0.953,0.788,0.128
1764058729454,39.047,59.376,15.988,0.909,0.952,0.786,0.128
1764058729843,41.62,64.545,17.188,0.91,0.953,0.788,0.128
1764058730215,40.328,61.936,16.584,0.91,0.953,0.788,0.129
1764058730852,40.328,61.936,16.584,0.911,0.953,0.788,0.128
1764058731322,40.973,63.235,16.885,0.91,0.953,0.788,0.128
1764058731699,40.328,61.936,16.584,0.91,0.952,0.788,0.129
1764058732158,39.686,60.65,16.285,0.91,0.953,0.788,0.129
1764058732311,40.328,61.936,16.584,0.91,0.952,0.788,0.129
1764058732720,39.047,59.376,15.988,0.91,0.952,0.788,0.129
1764058732851,39.047,59.376,15.988,0.911,0.953,0.788,0.129
1764058733316,40.328,61.936,16.584,0.91,0.953,0.788,0.128
1764058733402,40.973,63.235,16.885,0.91,0.953,0.789,0.128
1764058733727,39.047,59.376,15.988,0.911,0.952,0.789,0.129
1764058733905,39.686,60.65,16.285,0.911,0.951,0.788,0.129
1764058734147,39.047,59.376,15.988,0.911,0.953,0.788,0.128
1764058734381,37.147,55.628,15.11,0.91,0.953,0.789,0.129
1764058734824,39.047,59.376,15.988,0.911,0.953,0.788,0.129
1764058734912,39.047,59.376,15.988,0.911,0.951,0.789,0.129
1764058735389,39.047,59.376,15.988,0.91,0.953,0.789,0.128
1764058735412,39.686,60.65,16.285,0.91,0.951,0.789,0.13
1764058735851,39.047,59.376,15.988,0.91,0.951,0.788,0.13
1764058739136,39.047,59.376,15.988,0.91,0.951,0.789,0.129
1764058739500,39.686,60.65,16.285,0.91,0.952,0.789,0.128
1764058739729,45.568,72.664,19.046,0.91,0.952,0.79,0.128
1764058739974,39.686,60.65,16.285,0.91,0.951,0.789,0.127
1764058740571,39.047,59.376,15.988,0.909,0.951,0.79,0.128
1764058740979,39.686,60.65,16.285,0.909,0.952,0.789,0.127
1764058741363,40.328,61.936,16.584,0.909,0.952,0.789,0.127
1764058741465,40.328,61.936,16.584,0.908,0.951,0.789,0.126
1764058741773,39.047,59.376,15.988,0.908,0.953,0.79,0.126
1764058741847,39.686,60.65,16.285,0.909,0.951,0.788,0.127
1764058742204,39.047,59.376,15.988,0.908,0.952,0.789,0.127
1764058742513,39.047,59.376,15.988,0.908,0.951,0.789,0.126
1764058743012,39.686,60.65,16.285,0.909,0.951,0.788,0.126
1764058743238,39.686,60.65,16.285,0.908,0.951,0.789,0.126
1764058743994,37.778,56.865,15.4,0.907,0.951,0.788,0.125
1764058744270,39.686,60.65,16.285,0.908,0.951,0.788,0.125
1764058744494,39.047,59.376,15.988,0.907,0.951,0.788,0.125
1764058744746,39.047,59.376,15.988,0.908,0.951,0.788,0.124
1764058744840,39.047,59.376,15.988,0.907,0.95,0.788,0.124
1764058745323,39.047,59.376,15.988,0.906,0.951,0.788,0.124
1764058745721,39.686,60.65,16.285,0.906,0.95,0.788,0.123
1764058745883,38.411,58.115,15.693,0.906,0.951,0.788,0.123
1764058746164,39.047,59.376,15.988,0.905,0.95,0.786,0.122
1764058746383,38.411,58.115,15.693,0.905,0.95,0.786,0.122
1764058746455,39.047,59.376,15.988,0.905,0.95,0.788,0.122
1764058747037,39.047,59.376,15.988,0.905,0.95,0.786,0.122
1764058747463,39.686,60.65,16.285,0.905,0.951,0.785,0.12
1764058748021,39.686,60.65,16.285,0.905,0.951,0.784,0.12
1764058748412,39.686,60.65,16.285,0.905,0.951,0.785,0.12
1764058748771,39.686,60.65,16.285,0.904,0.951,0.785,0.119
1764058748995,38.411,58.115,15.693,0.903,0.951,0.784,0.119
1764058748996,38.411,58.115,15.693,0.902,0.95,0.783,0.119
1764058749443,38.411,58.115,15.693,0.902,0.951,0.783,0.119
1764058749833,38.411,58.115,15.693,0.902,0.951,0.782,0.118
1764058750096,39.047,59.376,15.988,0.902,0.951,0.782,0.118
1764058750362,39.047,59.376,15.988,0.902,0.951,0.782,0.117
1764058750581,38.411,58.115,15.693,0.901,0.951,0.782,0.118
1764058750664,38.411,58.115,15.693,0.901,0.95,0.781,0.117
1764058751037,38.411,58.115,15.693,0.901,0.951,0.781,0.117
1764058751497,38.411,58.115,15.693,0.901,0.95,0.781,0.117
1764058751973,39.047,59.376,15.988,0.9,0.95,0.78,0.116
1764058752426,39.686,60.65,16.285,0.9,0.951,0.78,0.117
1764058752547,39.686,60.65,16.285,0.9,0.95,0.78,0.116
1764058752710,38.411,58.115,15.693,0.899,0.95,0.78,0.116
1764058753046,38.411,58.115,15.693,0.898,0.95,0.78,0.115
1764058753140,38.411,58.115,15.693,0.898,0.951,0.78,0.114
1764058753866,38.411,58.115,15.693,0.898,0.949,0.778,0.114
1764058754162,40.328,61.936,16.584,0.897,0.95,0.778,0.114
1764058754248,38.411,58.115,15.693,0.897,0.95,0.777,0.113
1764058754523,38.411,58.115,15.693,0.896,0.95,0.777,0.113
1764058755006,38.411,58.115,15.693,0.896,0.95,0.776,0.113
1764058755264,38.411,58.115,15.693,0.896,0.95,0.775,0.113
1764058755452,37.778,56.865,15.4,0.896,0.951,0.776,0.113
1764058755846,39.686,60.65,16.285,0.896,0.951,0.775,0.112
1764058755951,38.411,58.115,15.693,0.896,0.951,0.775,0.112
1764058756588,38.411,58.115,15.693,0.896,0.95,0.774,0.112
1764058756897,38.411,58.115,15.693,0.896,0.951,0.774,0.112
1764058756993,39.047,59.376,15.988,0.896,0.95,0.774,0.112
1764058757157,40.328,61.936,16.584,0.896,0.951,0.773,0.112
1764058757642,37.778,56.865,15.4,0.896,0.951,0.772,0.112
1764058757934,38.411,58.115,15.693,0.896,0.951,0.772,0.112
1764058758063,38.411,58.115,15.693,0.893,0.95,0.772,0.111
1764058758498,37.778,56.865,15.4,0.896,0.951,0.772,0.111
1764058758721,37.778,56.865,15.4,0.892,0.95,0.772,0.111
1764058759148,37.778,56.865,15.4,0.893,0.951,0.772,0.111
1764058759360,37.778,56.865,15.4,0.892,0.95,0.772,0.111
1764058759461,38.411,58.115,15.693,0.892,0.95,0.77,0.11
1764058760117,37.778,56.865,15.4,0.892,0.95,0.769,0.11
1764058760372,39.047,59.376,15.988,0.892,0.95,0.769,0.11
1764058760492,38.411,58.115,15.693,0.891,0.95,0.768,0.111
1764058760858,37.778,56.865,15.4,0.892,0.951,0.768,0.111
1764058761344,37.778,56.865,15.4,0.892,0.951,0.768,0.11
1764058761806,39.047,59.376,15.988,0.892,0.951,0.768,0.109
1764058762067,40.328,61.936,16.584,0.892,0.951,0.768,0.109
1764058762355,37.778,56.865,15.4,0.892,0.951,0.768,0.11
1764058762669,37.778,56.865,15.4,0.896,0.951,0.768,0.11
1764058762914,38.411,58.115,15.693,0.892,0.95,0.768,0.109
1764058763101,37.778,56.865,15.4,0.892,0.951,0.768,0.109
1764058763208,37.778,56.865,15.4,0.892,0.951,0.768,0.108
1764058763485,37.147,55.628,15.11,0.891,0.95,0.764,0.108
1764058763687,37.147,55.628,15.11,0.892,0.95,0.768,0.108
1764058764127,37.778,56.865,15.4,0.891,0.95,0.768,0.107
1764058764171,37.778,56.865,15.4,0.89,0.949,0.764,0.107
1764058764535,37.778,56.865,15.4,0.89,0.95,0.764,0.107
1764058764745,37.147,55.628,15.11,0.891,0.95,0.762,0.106
1764058765313,37.778,56.865,15.4,0.89,0.95,0.762,0.107
1764058765751,37.147,55.628,15.11,0.89,0.95,0.762,0.106
1764058765844,38.411,58.115,15.693,0.889,0.95,0.761,0.106
1764058766689,37.147,55.628,15.11,0.889,0.95,0.76,0.106
1764058766866,37.778,56.865,15.4,0.888,0.949,0.759,0.105
1764058766885,37.778,56.865,15.4,0.889,0.95,0.759,0.105
1764058767275,37.147,55.628,15.11,0.887,0.95,0.758,0.106
1764058767439,37.147,55.628,15.11,0.889,0.95,0.758,0.105
1764058768001,37.147,55.628,15.11,0.889,0.951,0.758,0.105
1764058768265,37.147,55.628,15.11,0.889,0.95,0.758,0.105
1764058768566,37.778,56.865,15.4,0.887,0.951,0.758,0.105
1764058768675,37.778,56.865,15.4,0.886,0.95,0.756,0.104
1764058769606,36.52,54.402,14.821,0.887,0.95,0.756,0.105
1764058769606,39.047,59.376,15.988,0.886,0.949,0.756,0.104
1764058770151,36.52,54.402,14.821,0.886,0.949,0.754,0.104
1764058770517,37.147,55.628,15.11,0.886,0.95,0.754,0.105
1764058770630,37.147,55.628,15.11,0.886,0.949,0.753,0.104
1764058770837,36.52,54.402,14.821,0.885,0.949,0.751,0.104
1764058771937,36.52,54.402,14.821,0.886,0.949,0.751,0.104
1764058772758,38.411,58.115,15.693,0.885,0.949,0.749,0.103
1764058774263,38.411,58.115,15.693,0.884,0.949,0.749,0.103
1764058774744,39.686,60.65,16.285,0.884,0.948,0.748,0.102
1764058774955,38.411,58.115,15.693,0.882,0.948,0.746,0.102
1764058775037,36.52,54.402,14.821,0.882,0.948,0.746,0.102
1764058775393,35.896,53.189,14.534,0.882,0.948,0.745,0.101
1764058775780,35.896,53.189,14.534,0.883,0.949,0.745,0.102
1764058776181,36.52,54.402,14.821,0.882,0.949,0.745,0.102
1764058776821,35.896,53.189,14.534,0.882,0.949,0.743,0.102
1764058777106,37.147,55.628,15.11,0.882,0.949,0.743,0.101
1764058777370,37.147,55.628,15.11,0.882,0.949,0.742,0.101
1764058777665,35.896,53.189,14.534,0.882,0.949,0.742,0.101
1764058777939,35.896,53.189,14.534,0.882,0.949,0.742,0.101
1764058778186,35.896,53.189,14.534,0.882,0.949,0.742,0.1
1764058778619,35.896,53.189,14.534,0.881,0.948,0.741,0.1
1764058778917,35.896,53.189,14.534,0.881,0.949,0.741,0.101
1764058779284,35.896,53.189,14.534,0.881,0.949,0.74,0.1
1764058779644,36.52,54.402,14.821,0.881,0.948,0.74,0.101
1764058780232,36.52,54.402,14.821,0.881,0.949,0.74,0.1
1764058780410,35.896,53.189,14.534,0.881,0.948,0.74,0.1
1764058780859,37.147,55.628,15.11,0.881,0.948,0.738,0.1
1764058781230,36.52,54.402,14.821,0.881,0.948,0.738,0.1
1764058781514,35.896,53.189,14.534,0.88,0.948,0.738,0.1
1764058781724,35.274,51.988,14.249,0.88,0.948,0.738,0.1
1764058782064,35.274,51.988,14.249,0.881,0.948,0.738,0.1
1764058782485,35.896,53.189,14.534,0.88,0.948,0.736,0.1
1764058782736,35.274,51.988,14.249,0.881,0.949,0.737,0.1
1764058783034,35.274,51.988,14.249,0.881,0.948,0.737,0.099
1764058783400,35.896,53.189,14.534,0.881,0.948,0.736,0.1
1764058783584,35.274,51.988,14.249,0.882,0.949,0.736,0.099
1764058784045,35.274,51.988,14.249,0.882,0.949,0.737,0.1
1764058784521,35.274,51.988,14.249,0.881,0.948,0.736,0.099
1764058784631,35.896,53.189,14.534,0.882,0.949,0.735,0.099
1764058785077,34.656,50.799,13.966,0.881,0.948,0.735,0.099
1764058785288,35.896,53.189,14.534,0.882,0.948,0.735,0.099
1764058785734,34.656,50.799,13.966,0.882,0.949,0.734,0.098
1764058786109,34.656,50.799,13.966,0.882,0.948,0.734,0.098
1764058786322,35.896,53.189,14.534,0.882,0.949,0.734,0.098
1764058786947,35.274,51.988,14.249,0.881,0.949,0.733,0.098
1764058787242,35.896,53.189,14.534,0.88,0.948,0.733,0.097
1764058787457,35.274,51.988,14.249,0.88,0.949,0.733,0.097
1764058787803,34.656,50.799,13.966,0.881,0.949,0.732,0.097
1764058787936,34.656,50.799,13.966,0.881,0.949,0.732,0.097
1764058788268,34.656,50.799,13.966,0.881,0.949,0.733,0.097
1764058788473,34.656,50.799,13.966,0.881,0.949,0.732,0.097
1764058789117,34.656,50.799,13.966,0.88,0.948,0.732,0.097
1764058789222,32.818,47.305,13.13,0.88,0.949,0.73,0.096
1764058789505,34.04,49.623,13.685,0.88,0.949,0.732,0.097
1764058789907,34.656,50.799,13.966,0.88,0.949,0.732,0.097
1764058790068,34.04,49.623,13.685,0.88,0.948,0.73,0.097
1764058790446,34.04,49.623,13.685,0.878,0.948,0.73,0.096
1764058790643,34.656,50.799,13.966,0.879,0.948,0.729,0.096
1764058790833,34.656,50.799,13.966,0.879,0.949,0.73,0.097
1764058791178,34.04,49.623,13.685,0.879,0.949,0.729,0.097
1764058791556,33.427,48.458,13.407,0.879,0.949,0.728,0.096
1764058791832,34.04,49.623,13.685,0.879,0.948,0.727,0.096
1764058792050,34.656,50.799,13.966,0.879,0.947,0.727,0.096
1764058792318,34.04,49.623,13.685,0.878,0.948,0.727,0.096
1764058792788,34.04,49.623,13.685,0.879,0.949,0.727,0.096
1764058792951,35.274,51.988,14.249,0.88,0.948,0.727,0.095
1764058793617,34.04,49.623,13.685,0.878,0.948,0.727,0.095
1764058793886,34.656,50.799,13.966,0.878,0.948,0.727,0.095
1764058794275,34.04,49.623,13.685,0.879,0.949,0.726,0.095
1764058794663,34.656,50.799,13.966,0.878,0.948,0.726,0.095
1764058794942,34.04,49.623,13.685,0.878,0.948,0.726,0.095
1764058795353,34.656,50.799,13.966,0.877,0.948,0.725,0.095
1764058795916,34.04,49.623,13.685,0.877,0.948,0.724,0.095
1764058796266,34.656,50.799,13.966,0.877,0.949,0.724,0.095
1764058796576,34.656,50.799,13.966,0.877,0.948,0.724,0.095
1764058797004,34.656,50.799,13.966,0.877,0.948,0.724,0.095
1764058797316,34.04,49.623,13.685,0.876,0.948,0.722,0.094
1764058797584,33.427,48.458,13.407,0.876,0.948,0.722,0.094
1764058797584,34.04,49.623,13.685,0.876,0.948,0.722,0.094
1764058797939,32.211,46.165,12.855,0.876,0.948,0.722,0.094
1764058798240,33.427,48.458,13.407,0.876,0.948,0.722,0.093
1764058798318,34.04,49.623,13.685,0.876,0.948,0.722,0.094
1764058798597,33.427,48.458,13.407,0.877,0.947,0.721,0.094
1764058799102,33.427,48.458,13.407,0.876,0.947,0.721,0.094
1764058799102,33.427,48.458,13.407,0.876,0.948,0.721,0.094
1764058799445,34.04,49.623,13.685,0.876,0.947,0.72,0.095
1764058799916,33.427,48.458,13.407,0.876,0.947,0.72,0.094
1764058800010,34.04,49.623,13.685,0.877,0.946,0.72,0.095
1764058800192,32.818,47.305,13.13,0.876,0.946,0.72,0.095
1764058800671,32.818,47.305,13.13,0.877,0.947,0.72,0.095
1764058800759,33.427,48.458,13.407,0.877,0.946,0.719,0.094
1764058801123,32.818,47.305,13.13,0.877,0.948,0.719,0.094
1764058801511,32.818,47.305,13.13,0.877,0.947,0.718,0.094
1764058801712,32.818,47.305,13.13,0.877,0.946,0.719,0.094
1764058802334,32.818,47.305,13.13,0.877,0.946,0.719,0.094
1764058802561,32.818,47.305,13.13,0.877,0.948,0.719,0.095
1764058802662,34.04,49.623,13.685,0.877,0.947,0.719,0.094
1764058803017,32.818,47.305,13.13,0.877,0.946,0.718,0.094
1764058803377,34.04,49.623,13.685,0.876,0.947,0.718,0.094
1764058803829,32.818,47.305,13.13,0.877,0.948,0.718,0.094
1764058804234,33.427,48.458,13.407,0.878,0.947,0.718,0.095
1764058804638,33.427,48.458,13.407,0.877,0.946,0.718,0.095
1764058804882,33.427,48.458,13.407,0.877,0.947,0.718,0.095
1764058805274,32.818,47.305,13.13,0.877,0.946,0.719,0.095
1764058805384,32.818,47.305,13.13,0.877,0.946,0.718,0.095
1764058805671,33.427,48.458,13.407,0.877,0.946,0.718,0.095
1764058806039,32.818,47.305,13.13,0.878,0.947,0.718,0.096
1764058806316,32.211,46.165,12.855,0.877,0.945,0.718,0.095
1764058806450,32.818,47.305,13.13,0.878,0.946,0.718,0.096
1764058806610,32.818,47.305,13.13,0.878,0.945,0.718,0.096
1764058807111,32.211,46.165,12.855,0.879,0.946,0.719,0.096
1764058807733,32.818,47.305,13.13,0.88,0.946,0.719,0.098
1764058807928,33.427,48.458,13.407,0.881,0.946,0.72,0.099
1764058808163,33.427,48.458,13.407,0.883,0.946,0.722,0.1
1764058808399,32.818,47.305,13.13,0.883,0.947,0.722,0.101
1764058808675,32.211,46.165,12.855,0.885,0.946,0.722,0.101
1764058809252,33.427,48.458,13.407,0.885,0.946,0.724,0.102
1764058809583,33.427,48.458,13.407,0.887,0.946,0.724,0.102
1764058809769,33.427,48.458,13.407,0.887,0.945,0.724,0.103
1764058810074,32.211,46.165,12.855,0.887,0.946,0.725,0.103
1764058810740,32.211,46.165,12.855,0.889,0.946,0.726,0.104
1764058810898,32.211,46.165,12.855,0.889,0.946,0.725,0.103
1764058811201,33.427,48.458,13.407,0.889,0.946,0.727,0.104
1764058811306,32.211,46.165,12.855,0.89,0.946,0.727,0.104
1764058811396,32.211,46.165,12.855,0.89,0.945,0.727,0.105
1764058811860,32.818,47.305,13.13,0.89,0.945,0.727,0.105
1764058812338,32.818,47.305,13.13,0.892,0.946,0.727,0.104
1764058812621,32.818,47.305,13.13,0.891,0.945,0.727,0.105
1764058813183,33.427,48.458,13.407,0.892,0.945,0.729,0.105
1764058813459,33.427,48.458,13.407,0.892,0.945,0.73,0.106
1764058813661,33.427,48.458,13.407,0.892,0.945,0.73,0.106
1764058813944,33.427,48.458,13.407,0.896,0.946,0.732,0.107
1764058814305,32.818,47.305,13.13,0.896,0.947,0.732,0.107
1764058814608,32.818,47.305,13.13,0.896,0.947,0.732,0.107
1764058814697,33.427,48.458,13.407,0.896,0.945,0.732,0.107
1764058815256,32.818,47.305,13.13,0.896,0.946,0.732,0.106
1764058815723,32.818,47.305,13.13,0.896,0.947,0.732,0.107
1764058815914,34.04,49.623,13.685,0.896,0.947,0.734,0.108
1764058816085,32.818,47.305,13.13,0.896,0.948,0.734,0.108
1764058816364,32.818,47.305,13.13,0.897,0.946,0.734,0.108
1764058816573,32.818,47.305,13.13,0.897,0.947,0.734,0.107
1764058816929,32.818,47.305,13.13,0.897,0.948,0.736,0.108
1764058817311,32.818,47.305,13.13,0.897,0.948,0.736,0.108
1764058817681,33.427,48.458,13.407,0.896,0.946,0.735,0.108
1764058817889,33.427,48.458,13.407,0.896,0.946,0.736,0.109
1764058818712,34.04,49.623,13.685,0.896,0.947,0.736,0.109
1764058818880,34.04,49.623,13.685,0.897,0.946,0.736,0.109
1764058819080,34.04,49.623,13.685,0.897,0.946,0.737,0.109
1764058819554,33.427,48.458,13.407,0.897,0.947,0.738,0.108
1764058819752,34.04,49.623,13.685,0.897,0.947,0.738,0.109
1764058820296,32.818,47.305,13.13,0.897,0.946,0.738,0.109
1764058820607,33.427,48.458,13.407,0.898,0.946,0.74,0.109
1764058820771,33.427,48.458,13.407,0.898,0.946,0.74,0.11
1764058820966,33.427,48.458,13.407,0.898,0.947,0.74,0.109
1764058821542,32.818,47.305,13.13,0.898,0.948,0.74,0.109
1764058822171,34.04,49.623,13.685,0.898,0.946,0.74,0.11
1764058822677,34.04,49.623,13.685,0.898,0.946,0.74,0.109
1764058822937,34.04,49.623,13.685,0.898,0.947,0.74,0.11
1764058823233,34.04,49.623,13.685,0.898,0.946,0.74,0.109
1764058823431,33.427,48.458,13.407,0.898,0.947,0.741,0.11
1764058823696,33.427,48.458,13.407,0.898,0.946,0.74,0.11
1764058824062,33.427,48.458,13.407,0.898,0.946,0.741,0.11
1764058824806,34.04,49.623,13.685,0.898,0.946,0.741,0.11
1764058824922,35.274,51.988,14.249,0.9,0.947,0.742,0.11
1764058825295,33.427,48.458,13.407,0.898,0.946,0.742,0.11
1764058825489,32.211,46.165,12.855,0.899,0.947,0.742,0.11
1764058825746,33.427,48.458,13.407,0.898,0.946,0.742,0.11
1764058825759,33.427,48.458,13.407,0.899,0.946,0.742,0.11
1764058826213,33.427,48.458,13.407,0.9,0.947,0.742,0.11
1764058826575,33.427,48.458,13.407,0.9,0.946,0.742,0.11
1764058826887,33.427,48.458,13.407,0.899,0.946,0.742,0.109
1764058827582,33.427,48.458,13.407,0.899,0.946,0.742,0.109
1764058827884,35.274,51.988,14.249,0.899,0.945,0.742,0.11
1764058828222,33.427,48.458,13.407,0.899,0.945,0.742,0.109
1764058828577,34.04,49.623,13.685,0.898,0.946,0.742,0.11
1764058829047,34.04,49.623,13.685,0.9,0.946,0.743,0.11
1764058829254,34.04,49.623,13.685,0.9,0.945,0.743,0.109
1764058829801,32.818,47.305,13.13,0.898,0.945,0.743,0.11
1764058830076,34.04,49.623,13.685,0.9,0.946,0.745,0.11
1764058830189,34.04,49.623,13.685,0.899,0.946,0.745,0.11
1764058830350,33.427,48.458,13.407,0.899,0.945,0.743,0.11
1764058830772,33.427,48.458,13.407,0.9,0.946,0.745,0.11
1764058831193,34.04,49.623,13.685,0.899,0.946,0.744,0.111
1764058831418,33.427,48.458,13.407,0.898,0.945,0.745,0.111
1764058831686,33.427,48.458,13.407,0.898,0.946,0.745,0.11
1764058831998,33.427,48.458,13.407,0.9,0.946,0.743,0.11
1764058832252,33.427,48.458,13.407,0.899,0.945,0.745,0.11
1764058832570,33.427,48.458,13.407,0.9,0.946,0.746,0.111
1764058832928,33.427,48.458,13.407,0.9,0.946,0.746,0.11
1764058833123,33.427,48.458,13.407,0.899,0.946,0.745,0.11
1764058833123,33.427,48.458,13.407,0.899,0.946,0.745,0.11
1764058833576,33.427,48.458,13.407,0.9,0.946,0.746,0.11
1764058833971,32.818,47.305,13.13,0.898,0.946,0.746,0.11
1764058834606,34.04,49.623,13.685,0.899,0.945,0.745,0.11
1764058834630,34.04,49.623,13.685,0.899,0.945,0.746,0.11
1764058834698,33.427,48.458,13.407,0.898,0.946,0.746,0.11
1764058835367,33.427,48.458,13.407,0.899,0.945,0.746,0.11
1764058835555,34.04,49.623,13.685,0.899,0.945,0.746,0.111
1764058835639,32.818,47.305,13.13,0.899,0.946,0.746,0.11
1764058836008,32.818,47.305,13.13,0.9,0.946,0.746,0.111
1764058836122,33.427,48.458,13.407,0.9,0.946,0.745,0.11
1764058836558,33.427,48.458,13.407,0.898,0.945,0.746,0.109
1764058836590,33.427,48.458,13.407,0.899,0.945,0.746,0.11
1764058837352,32.818,47.305,13.13,0.899,0.945,0.746,0.11
1764058837448,34.656,50.799,13.966,0.9,0.946,0.748,0.11
1764058838601,32.818,47.305,13.13,0.9,0.945,0.748,0.11
1764058839141,35.274,51.988,14.249,0.9,0.946,0.746,0.11
1764058839517,34.04,49.623,13.685,0.899,0.945,0.748,0.11
1764058839831,34.04,49.623,13.685,0.899,0.945,0.748,0.11
1764058839909,33.427,48.458,13.407,0.9,0.945,0.748,0.11
1764058840658,32.818,47.305,13.13,0.9,0.946,0.746,0.11
1764058840954,34.04,49.623,13.685,0.899,0.945,0.748,0.11
1764058841140,33.427,48.458,13.407,0.898,0.945,0.748,0.11
1764058841323,33.427,48.458,13.407,0.899,0.945,0.747,0.11
1764058841514,35.274,51.988,14.249,0.899,0.944,0.748,0.109
1764058841708,33.427,48.458,13.407,0.9,0.946,0.748,0.11
1764058842345,33.427,48.458,13.407,0.898,0.945,0.748,0.109
1764058842548,34.04,49.623,13.685,0.899,0.946,0.748,0.11
1764058842728,33.427,48.458,13.407,0.898,0.945,0.746,0.109
1764058843105,32.818,47.305,13.13,0.897,0.945,0.746,0.109
1764058843206,33.427,48.458,13.407,0.898,0.945,0.746,0.108
1764058843470,32.818,47.305,13.13,0.898,0.945,0.746,0.109
1764058843950,32.818,47.305,13.13,0.898,0.945,0.748,0.109
1764058844209,33.427,48.458,13.407,0.898,0.945,0.748,0.109
1764058844335,34.04,49.623,13.685,0.898,0.945,0.746,0.108
1764058845086,32.818,47.305,13.13,0.896,0.945,0.745,0.108
1764058845171,34.656,50.799,13.966,0.896,0.945,0.746,0.107
1764058845649,32.818,47.305,13.13,0.896,0.945,0.746,0.107
1764058846101,33.427,48.458,13.407,0.897,0.945,0.745,0.107
1764058846494,34.04,49.623,13.685,0.896,0.945,0.745,0.107
1764058846494,34.04,49.623,13.685,0.896,0.945,0.745,0.107
1764058846770,32.818,47.305,13.13,0.896,0.945,0.744,0.107
1764058847168,32.818,47.305,13.13,0.896,0.945,0.745,0.107
1764058847343,32.818,47.305,13.13,0.896,0.945,0.745,0.107
1764058847716,32.818,47.305,13.13,0.896,0.945,0.744,0.107
1764058847986,32.818,47.305,13.13,0.896,0.945,0.745,0.107
1764058848157,32.818,47.305,13.13,0.896,0.945,0.745,0.107
1764058848481,32.818,47.305,13.13,0.896,0.946,0.746,0.107
1764058848555,32.818,47.305,13.13,0.896,0.946,0.745,0.107
1764058848925,32.818,47.305,13.13,0.896,0.945,0.744,0.107
1764058849389,32.818,47.305,13.13,0.896,0.945,0.745,0.106
1764058849739,32.818,47.305,13.13,0.896,0.944,0.744,0.107
1764058849963,33.427,48.458,13.407,0.896,0.945,0.744,0.106
1764058850218,32.818,47.305,13.13,0.896,0.945,0.743,0.106
1764058850531,34.04,49.623,13.685,0.896,0.945,0.743,0.105
1764058850978,32.818,47.305,13.13,0.896,0.944,0.743,0.105
1764058851076,33.427,48.458,13.407,0.896,0.945,0.743,0.105
1764058851938,32.818,47.305,13.13,0.896,0.945,0.743,0.104
1764058852087,34.04,49.623,13.685,0.896,0.946,0.743,0.104
1764058852128,32.818,47.305,13.13,0.893,0.944,0.742,0.104
1764058852545,32.818,47.305,13.13,0.896,0.944,0.742,0.104
1764058852696,32.818,47.305,13.13,0.896,0.944,0.742,0.104
1764058853106,32.818,47.305,13.13,0.893,0.942,0.742,0.103
1764058853124,32.818,47.305,13.13,0.896,0.944,0.742,0.103
1764058853531,32.211,46.165,12.855,0.893,0.944,0.742,0.103
1764058853798,32.211,46.165,12.855,0.892,0.942,0.741,0.103
1764058853989,32.211,46.165,12.855,0.891,0.944,0.741,0.103
1764058854279,32.211,46.165,12.855,0.891,0.944,0.741,0.102
1764058854635,32.211,46.165,12.855,0.892,0.943,0.741,0.102
1764058854759,32.211,46.165,12.855,0.89,0.943,0.741,0.103
1764058855349,32.211,46.165,12.855,0.891,0.943,0.741,0.102
1764058855350,32.818,47.305,13.13,0.889,0.943,0.74,0.102
1764058855598,32.211,46.165,12.855,0.889,0.943,0.74,0.102
1764058856060,32.211,46.165,12.855,0.889,0.944,0.74,0.101
1764058856430,32.211,46.165,12.855,0.889,0.943,0.74,0.101
1764058857107,32.211,46.165,12.855,0.888,0.944,0.74,0.101
1764058857295,32.818,47.305,13.13,0.887,0.943,0.738,0.1
1764058857571,33.427,48.458,13.407,0.886,0.943,0.738,0.1
1764058857796,32.211,46.165,12.855,0.887,0.943,0.738,0.1
1764058858039,32.211,46.165,12.855,0.886,0.943,0.736,0.1
1764058858319,32.211,46.165,12.855,0.886,0.943,0.737,0.1
1764058858615,32.211,46.165,12.855,0.886,0.943,0.736,0.1
1764058859084,32.211,46.165,12.855,0.885,0.942,0.736,0.1
1764058859271,32.211,46.165,12.855,0.885,0.943,0.735,0.099
1764058859638,32.211,46.165,12.855,0.885,0.943,0.735,0.099
1764058859845,31.607,45.037,12.582,0.885,0.942,0.735,0.099
1764058860010,31.607,45.037,12.582,0.885,0.942,0.735,0.098
1764058860316,34.04,49.623,13.685,0.885,0.942,0.735,0.098
1764058860911,31.607,45.037,12.582,0.886,0.942,0.734,0.099
1764058861461,32.211,46.165,12.855,0.884,0.942,0.734,0.098
1764058861669,32.818,47.305,13.13,0.884,0.942,0.733,0.099
1764058862029,32.211,46.165,12.855,0.883,0.942,0.732,0.098
1764058862399,32.211,46.165,12.855,0.884,0.943,0.733,0.097
1764058862661,32.211,46.165,12.855,0.884,0.942,0.732,0.098
1764058862872,31.607,45.037,12.582,0.884,0.943,0.733,0.097
1764058863247,31.607,45.037,12.582,0.883,0.942,0.732,0.097
1764058863442,31.607,45.037,12.582,0.884,0.942,0.732,0.098
1764058863634,31.607,45.037,12.582,0.882,0.942,0.732,0.097
1764058863905,31.006,43.921,12.312,0.882,0.943,0.73,0.097
1764058864186,31.006,43.921,12.312,0.882,0.942,0.73,0.097
1764058864871,31.006,43.921,12.312,0.882,0.942,0.732,0.097
1764058865036,32.818,47.305,13.13,0.882,0.942,0.73,0.096
1764058865408,32.211,46.165,12.855,0.881,0.943,0.729,0.096
1764058865608,31.006,43.921,12.312,0.881,0.942,0.729,0.096
1764058866159,32.211,46.165,12.855,0.88,0.941,0.728,0.096
1764058866351,32.818,47.305,13.13,0.88,0.942,0.727,0.096
1764058866629,31.607,45.037,12.582,0.88,0.942,0.727,0.095
1764058867090,31.607,45.037,12.582,0.88,0.942,0.727,0.095
1764058867259,32.211,46.165,12.855,0.879,0.942,0.727,0.096
1764058867656,31.607,45.037,12.582,0.881,0.942,0.726,0.095
1764058867829,31.607,45.037,12.582,0.879,0.942,0.726,0.096
1764058868571,31.607,45.037,12.582,0.879,0.941,0.726,0.095
1764058868984,32.211,46.165,12.855,0.879,0.941,0.726,0.095
1764058869316,32.818,47.305,13.13,0.878,0.942,0.725,0.095
1764058869523,33.427,48.458,13.407,0.878,0.942,0.725,0.095
1764058869985,31.607,45.037,12.582,0.877,0.941,0.725,0.095
1764058870219,32.211,46.165,12.855,0.877,0.942,0.724,0.095
1764058870299,31.607,45.037,12.582,0.877,0.941,0.724,0.095
1764058870576,31.006,43.921,12.312,0.878,0.942,0.724,0.095
1764058870896,31.006,43.921,12.312,0.878,0.942,0.724,0.094
1764058871431,31.607,45.037,12.582,0.877,0.941,0.724,0.094
1764058871623,31.006,43.921,12.312,0.878,0.942,0.724,0.094
1764058872110,31.607,45.037,12.582,0.877,0.942,0.722,0.094
1764058872375,32.211,46.165,12.855,0.877,0.941,0.722,0.094
1764058872949,32.211,46.165,12.855,0.877,0.942,0.722,0.093
1764058873316,32.211,46.165,12.855,0.877,0.942,0.721,0.094
1764058873513,32.211,46.165,12.855,0.877,0.942,0.721,0.093
1764058873815,31.006,43.921,12.312,0.876,0.942,0.72,0.093
1764058873815,31.006,43.921,12.312,0.877,0.942,0.719,0.093
1764058874086,31.006,43.921,12.312,0.877,0.941,0.719,0.093
1764058874646,31.006,43.921,12.312,0.876,0.942,0.719,0.093
1764058874998,31.006,43.921,12.312,0.876,0.941,0.718,0.092
1764058875480,31.607,45.037,12.582,0.877,0.942,0.719,0.092
1764058875668,32.211,46.165,12.855,0.876,0.942,0.718,0.092
1764058876226,29.222,40.645,11.512,0.876,0.942,0.717,0.092
1764058876673,32.211,46.165,12.855,0.875,0.941,0.717,0.092
1764058876893,31.607,45.037,12.582,0.876,0.941,0.717,0.092
1764058877259,31.006,43.921,12.312,0.874,0.941,0.716,0.092
1764058877460,31.006,43.921,12.312,0.874,0.942,0.716,0.092
1764058877765,31.607,45.037,12.582,0.873,0.941,0.716,0.092
1764058878040,31.006,43.921,12.312,0.874,0.941,0.716,0.092
1764058878294,31.006,43.921,12.312,0.874,0.941,0.714,0.091
1764058878301,31.006,43.921,12.312,0.874,0.941,0.714,0.091
1764058879037,30.409,42.817,12.043,0.873,0.941,0.714,0.091
1764058879333,31.607,45.037,12.582,0.872,0.941,0.714,0.091
1764058879333,31.006,43.921,12.312,0.872,0.941,0.713,0.091
1764058879883,30.409,42.817,12.043,0.873,0.941,0.711,0.091
1764058880085,30.409,42.817,12.043,0.873,0.941,0.713,0.091
1764058880263,30.409,42.817,12.043,0.873,0.941,0.711,0.091
1764058880741,30.409,42.817,12.043,0.872,0.941,0.711,0.091
1764058880839,30.409,42.817,12.043,0.873,0.941,0.711,0.091
1764058880933,28.633,39.577,11.249,0.873,0.941,0.711,0.091
1764058881390,30.409,42.817,12.043,0.873,0.941,0.71,0.091
1764058881697,30.409,42.817,12.043,0.873,0.941,0.71,0.091
1764058881852,30.409,42.817,12.043,0.873,0.941,0.71,0.091
1764058882137,30.409,42.817,12.043,0.873,0.941,0.71,0.091
1764058882335,30.409,42.817,12.043,0.873,0.941,0.71,0.091
1764058883010,30.409,42.817,12.043,0.872,0.941,0.709,0.091
1764058883241,30.409,42.817,12.043,0.872,0.941,0.708,0.09
1764058884479,31.607,45.037,12.582,0.871,0.94,0.708,0.09
1764058884664,32.211,46.165,12.855,0.871,0.94,0.708,0.091
1764058885309,31.607,45.037,12.582,0.871,0.94,0.706,0.09
1764058885425,31.006,43.921,12.312,0.872,0.941,0.706,0.089
1764058886258,31.006,43.921,12.312,0.871,0.941,0.705,0.09
1764058886734,31.006,43.921,12.312,0.87,0.94,0.705,0.09
1764058886882,31.607,45.037,12.582,0.87,0.94,0.704,0.089
1764058887182,29.814,41.725,11.776,0.87,0.94,0.704,0.089
1764058887403,30.409,42.817,12.043,0.87,0.941,0.704,0.09
1764058887665,30.409,42.817,12.043,0.87,0.94,0.704,0.089
1764058888078,29.814,41.725,11.776,0.871,0.94,0.704,0.09
1764058888341,29.814,41.725,11.776,0.871,0.94,0.702,0.089
1764058888414,29.814,41.725,11.776,0.87,0.94,0.704,0.09
1764058888829,29.814,41.725,11.776,0.87,0.941,0.702,0.088
1764058889082,29.814,41.725,11.776,0.87,0.94,0.702,0.089
1764058889253,29.222,40.645,11.512,0.871,0.941,0.701,0.089
1764058889824,29.814,41.725,11.776,0.869,0.94,0.701,0.089
1764058890107,31.006,43.921,12.312,0.87,0.94,0.701,0.088
1764058890400,29.814,41.725,11.776,0.87,0.941,0.701,0.088
1764058890479,29.814,41.725,11.776,0.87,0.941,0.701,0.089
1764058890857,29.814,41.725,11.776,0.87,0.94,0.701,0.089
1764058891044,28.633,39.577,11.249,0.871,0.94,0.7,0.088
1764058891216,29.222,40.645,11.512,0.87,0.94,0.7,0.088
1764058891502,29.814,41.725,11.776,0.869,0.941,0.7,0.088
1764058891788,29.814,41.725,11.776,0.87,0.94,0.7,0.089
1764058892065,29.222,40.645,11.512,0.87,0.94,0.7,0.089
1764058892357,29.222,40.645,11.512,0.871,0.941,0.7,0.089
1764058892629,29.222,40.645,11.512,0.87,0.94,0.7,0.089
1764058892629,29.222,40.645,11.512,0.87,0.94,0.698,0.088
1764058893097,29.222,40.645,11.512,0.87,0.94,0.7,0.089
1764058893406,29.222,40.645,11.512,0.871,0.94,0.7,0.088
1764058893592,29.222,40.645,11.512,0.87,0.94,0.7,0.089
1764058893755,29.222,40.645,11.512,0.871,0.939,0.698,0.088
1764058894532,29.222,40.645,11.512,0.872,0.94,0.7,0.088
1764058894537,31.607,45.037,12.582,0.873,0.941,0.698,0.088
1764058894909,29.222,40.645,11.512,0.872,0.94,0.698,0.088
1764058895094,29.222,40.645,11.512,0.872,0.94,0.698,0.088
1764058895419,29.222,40.645,11.512,0.872,0.941,0.698,0.088
1764058895748,28.633,39.577,11.249,0.872,0.94,0.698,0.088
1764058895832,29.222,40.645,11.512,0.872,0.94,0.698,0.088
1764058896127,29.222,40.645,11.512,0.873,0.94,0.698,0.088
1764058896717,29.222,40.645,11.512,0.872,0.94,0.698,0.088
1764058897172,29.222,40.645,11.512,0.873,0.94,0.698,0.088
1764058897457,29.814,41.725,11.776,0.872,0.94,0.698,0.088
1764058897643,29.814,41.725,11.776,0.871,0.94,0.697,0.087
1764058898198,29.222,40.645,11.512,0.872,0.94,0.697,0.088
1764058898584,29.222,40.645,11.512,0.872,0.94,0.697,0.088
1764058898692,29.222,40.645,11.512,0.872,0.94,0.697,0.087
1764058899237,29.814,41.725,11.776,0.871,0.94,0.696,0.088
1764058899514,29.814,41.725,11.776,0.87,0.939,0.695,0.086
1764058899972,29.222,40.645,11.512,0.87,0.938,0.695,0.087
1764058900096,29.222,40.645,11.512,0.87,0.94,0.695,0.087
1764058900716,28.633,39.577,11.249,0.87,0.939,0.695,0.087
1764058900920,28.633,39.577,11.249,0.87,0.939,0.694,0.086
1764058901111,29.222,40.645,11.512,0.869,0.939,0.694,0.087
1764058901321,28.633,39.577,11.249,0.869,0.939,0.694,0.086
1764058901859,28.633,39.577,11.249,0.869,0.938,0.694,0.087
1764058902231,29.222,40.645,11.512,0.869,0.939,0.693,0.086
1764058903381,29.222,40.645,11.512,0.869,0.939,0.694,0.086
1764058903795,29.814,41.725,11.776,0.869,0.939,0.693,0.086
1764058904047,31.607,45.037,12.582,0.869,0.939,0.693,0.086
1764058904354,28.633,39.577,11.249,0.869,0.939,0.692,0.086
1764058904802,28.633,39.577,11.249,0.869,0.939,0.692,0.086
1764058905276,29.222,40.645,11.512,0.868,0.938,0.692,0.087
1764058905548,29.222,40.645,11.512,0.869,0.938,0.692,0.087
1764058905842,28.633,39.577,11.249,0.869,0.938,0.692,0.087
1764058906033,29.222,40.645,11.512,0.869,0.938,0.692,0.087
1764058906513,28.048,38.522,10.989,0.869,0.938,0.692,0.087
1764058906855,28.633,39.577,11.249,0.87,0.938,0.692,0.087
1764058907169,28.633,39.577,11.249,0.87,0.939,0.692,0.087
1764058907418,29.222,40.645,11.512,0.87,0.939,0.692,0.087
1764058907593,28.048,38.522,10.989,0.871,0.938,0.692,0.087
1764058908092,28.048,38.522,10.989,0.87,0.938,0.692,0.087
1764058908667,28.633,39.577,11.249,0.871,0.94,0.692,0.088
1764058909132,28.633,39.577,11.249,0.871,0.939,0.692,0.088
1764058909322,29.222,40.645,11.512,0.872,0.938,0.692,0.087
1764058909326,29.222,40.645,11.512,0.872,0.939,0.692,0.088
1764058910003,28.048,38.522,10.989,0.873,0.937,0.692,0.088
1764058910102,29.222,40.645,11.512,0.874,0.939,0.692,0.09
1764058910905,28.048,38.522,10.989,0.874,0.938,0.694,0.09
1764058911039,28.633,39.577,11.249,0.877,0.939,0.694,0.091
1764058911113,29.222,40.645,11.512,0.877,0.939,0.694,0.091
1764058911371,28.048,38.522,10.989,0.878,0.938,0.695,0.092
1764058911864,28.048,38.522,10.989,0.879,0.938,0.695,0.093
1764058912139,28.048,38.522,10.989,0.88,0.938,0.696,0.093
1764058912344,28.633,39.577,11.249,0.88,0.938,0.697,0.093
1764058912507,28.048,38.522,10.989,0.881,0.938,0.698,0.094
1764058913011,28.048,38.522,10.989,0.882,0.938,0.698,0.095
1764058913087,29.222,40.645,11.512,0.882,0.938,0.698,0.095
1764058913368,28.048,38.522,10.989,0.883,0.938,0.7,0.096
1764058913562,28.633,39.577,11.249,0.884,0.939,0.7,0.096
1764058914023,28.048,38.522,10.989,0.884,0.938,0.701,0.096
1764058914312,27.465,37.479,10.73,0.884,0.938,0.7,0.096
1764058914871,28.633,39.577,11.249,0.885,0.938,0.7,0.096
1764058915428,29.814,41.725,11.776,0.886,0.937,0.701,0.096
1764058915601,29.222,40.645,11.512,0.886,0.938,0.702,0.096
1764058916100,28.633,39.577,11.249,0.887,0.938,0.704,0.097
1764058916100,28.633,39.577,11.249,0.887,0.938,0.704,0.097
1764058916382,28.633,39.577,11.249,0.886,0.938,0.704,0.097
1764058917024,28.633,39.577,11.249,0.887,0.938,0.704,0.097
1764058917322,29.814,41.725,11.776,0.888,0.937,0.704,0.097
1764058917500,29.222,40.645,11.512,0.887,0.937,0.704,0.097
1764058918285,28.633,39.577,11.249,0.887,0.938,0.705,0.098
1764058918454,29.814,41.725,11.776,0.887,0.937,0.706,0.098
1764058918920,28.633,39.577,11.249,0.889,0.938,0.708,0.098
1764058919496,29.222,40.645,11.512,0.889,0.938,0.708,0.098
1764058919852,29.814,41.725,11.776,0.889,0.938,0.708,0.099
1764058920259,29.222,40.645,11.512,0.889,0.938,0.708,0.098
1764058920694,29.814,41.725,11.776,0.889,0.938,0.708,0.099
1764058921085,29.222,40.645,11.512,0.89,0.938,0.708,0.099
1764058921647,29.222,40.645,11.512,0.889,0.938,0.709,0.099
1764058922099,29.814,41.725,11.776,0.889,0.937,0.708,0.098
1764058922305,29.814,41.725,11.776,0.889,0.938,0.71,0.099
1764058922654,29.222,40.645,11.512,0.89,0.938,0.71,0.099
1764058923055,30.409,42.817,12.043,0.89,0.938,0.71,0.099
1764058923246,29.814,41.725,11.776,0.89,0.938,0.711,0.099
1764058924063,28.633,39.577,11.249,0.89,0.938,0.71,0.099
1764058924377,29.814,41.725,11.776,0.89,0.937,0.711,0.099
1764058924924,29.814,41.725,11.776,0.89,0.938,0.711,0.099
1764058925186,29.222,40.645,11.512,0.89,0.938,0.711,0.099
1764058925887,30.409,42.817,12.043,0.89,0.937,0.711,0.099
1764058926226,29.814,41.725,11.776,0.89,0.938,0.713,0.099
1764058926789,29.814,41.725,11.776,0.89,0.937,0.712,0.1
1764058926985,29.222,40.645,11.512,0.89,0.938,0.711,0.099
1764058927091,29.814,41.725,11.776,0.89,0.937,0.712,0.099
1764058927444,28.633,39.577,11.249,0.89,0.938,0.713,0.099
1764058927908,28.633,39.577,11.249,0.89,0.937,0.714,0.099
1764058928195,29.222,40.645,11.512,0.89,0.937,0.714,0.099
1764058928394,32.211,46.165,12.855,0.891,0.938,0.714,0.099
1764058928859,28.048,38.522,10.989,0.89,0.938,0.713,0.099
1764058929061,29.814,41.725,11.776,0.89,0.937,0.714,0.099
1764058929399,28.633,39.577,11.249,0.89,0.938,0.714,0.099
1764058929502,29.814,41.725,11.776,0.89,0.937,0.714,0.1
1764058929812,29.222,40.645,11.512,0.891,0.937,0.716,0.1
1764058930249,28.633,39.577,11.249,0.89,0.937,0.714,0.099
1764058930625,29.222,40.645,11.512,0.89,0.937,0.716,0.1
1764058930719,29.222,40.645,11.512,0.89,0.937,0.716,0.1
1764058931121,28.633,39.577,11.249,0.89,0.936,0.716,0.1
1764058931403,29.222,40.645,11.512,0.89,0.937,0.716,0.1
1764058931530,29.222,40.645,11.512,0.89,0.937,0.716,0.1
1764058932435,29.222,40.645,11.512,0.89,0.937,0.714,0.099
1764058932748,31.006,43.921,12.312,0.89,0.937,0.716,0.1
1764058933010,29.814,41.725,11.776,0.89,0.937,0.716,0.1
1764058933293,29.222,40.645,11.512,0.89,0.937,0.716,0.1
1764058933486,29.222,40.645,11.512,0.89,0.936,0.716,0.101
1764058933688,29.814,41.725,11.776,0.89,0.937,0.716,0.101
1764058934242,29.222,40.645,11.512,0.89,0.936,0.717,0.101
1764058934428,29.222,40.645,11.512,0.889,0.937,0.716,0.101
1764058934660,28.633,39.577,11.249,0.89,0.937,0.716,0.101
1764058935274,28.633,39.577,11.249,0.89,0.937,0.716,0.101
1764058935399,29.814,41.725,11.776,0.889,0.936,0.716,0.101
1764058935815,29.222,40.645,11.512,0.89,0.937,0.716,0.101
1764058936056,29.814,41.725,11.776,0.89,0.937,0.717,0.101
1764058936681,29.222,40.645,11.512,0.89,0.937,0.717,0.1
1764058937133,30.409,42.817,12.043,0.889,0.937,0.717,0.101
1764058937430,29.814,41.725,11.776,0.89,0.937,0.717,0.1
1764058937614,29.814,41.725,11.776,0.89,0.936,0.717,0.1
1764058937899,29.222,40.645,11.512,0.889,0.936,0.717,0.1
1764058938382,28.633,39.577,11.249,0.89,0.937,0.717,0.1
1764058938654,29.222,40.645,11.512,0.89,0.936,0.717,0.1
1764058938852,29.814,41.725,11.776,0.89,0.937,0.717,0.099
1764058939129,28.633,39.577,11.249,0.889,0.936,0.717,0.1
1764058939510,29.222,40.645,11.512,0.889,0.936,0.717,0.1
1764058939613,29.814,41.725,11.776,0.89,0.936,0.717,0.099
1764058939953,28.633,39.577,11.249,0.89,0.938,0.718,0.1
1764058940345,28.633,39.577,11.249,0.89,0.936,0.718,0.1
1764058940812,29.814,41.725,11.776,0.889,0.936,0.717,0.1
1764058941388,29.814,41.725,11.776,0.89,0.936,0.717,0.1
1764058941568,30.409,42.817,12.043,0.89,0.936,0.718,0.1
1764058941735,29.814,41.725,11.776,0.89,0.937,0.719,0.1
1764058942198,29.222,40.645,11.512,0.89,0.936,0.718,0.1
1764058942683,29.814,41.725,11.776,0.89,0.935,0.718,0.1
1764058942886,28.633,39.577,11.249,0.89,0.936,0.717,0.099
1764058943333,29.222,40.645,11.512,0.89,0.937,0.718,0.1
1764058943627,29.814,41.725,11.776,0.889,0.935,0.718,0.099
1764058943901,29.814,41.725,11.776,0.889,0.936,0.718,0.1
1764058944091,29.222,40.645,11.512,0.889,0.935,0.717,0.099
1764058944543,29.222,40.645,11.512,0.889,0.935,0.717,0.099
1764058944959,29.814,41.725,11.776,0.889,0.935,0.718,0.099
1764058945516,29.814,41.725,11.776,0.889,0.935,0.717,0.099
1764058945766,29.222,40.645,11.512,0.889,0.936,0.718,0.099
1764058945964,29.814,41.725,11.776,0.889,0.935,0.716,0.099
1764058946175,27.465,37.479,10.73,0.889,0.935,0.717,0.099
1764058946785,28.633,39.577,11.249,0.888,0.934,0.717,0.099
1764058947101,29.222,40.645,11.512,0.889,0.936,0.717,0.098
1764058947469,29.814,41.725,11.776,0.889,0.935,0.717,0.098
1764058947661,29.814,41.725,11.776,0.888,0.935,0.716,0.098
1764058947832,29.222,40.645,11.512,0.888,0.936,0.717,0.098
1764058947922,28.633,39.577,11.249,0.887,0.935,0.717,0.099
1764058948312,29.222,40.645,11.512,0.887,0.935,0.717,0.098
1764058948809,28.633,39.577,11.249,0.887,0.935,0.717,0.098
1764058949248,29.222,40.645,11.512,0.887,0.935,0.717,0.098
1764058949465,29.222,40.645,11.512,0.889,0.936,0.717,0.098
1764058950095,29.222,40.645,11.512,0.887,0.935,0.716,0.098
1764058950275,29.814,41.725,11.776,0.887,0.935,0.716,0.097
1764058950837,29.222,40.645,11.512,0.886,0.936,0.716,0.097
1764058951029,29.222,40.645,11.512,0.887,0.935,0.716,0.097
1764058951394,29.814,41.725,11.776,0.886,0.934,0.716,0.097
1764058951763,28.633,39.577,11.249,0.886,0.935,0.716,0.097
1764058951955,28.633,39.577,11.249,0.886,0.935,0.716,0.097
1764058952249,29.222,40.645,11.512,0.886,0.937,0.716,0.097
1764058952617,28.633,39.577,11.249,0.887,0.935,0.716,0.097
1764058953303,29.222,40.645,11.512,0.886,0.935,0.716,0.097
1764058953384,30.409,42.817,12.043,0.886,0.935,0.716,0.097
1764058954045,28.633,39.577,11.249,0.886,0.937,0.716,0.097
1764058954816,29.814,41.725,11.776,0.886,0.935,0.716,0.096
1764058955165,29.814,41.725,11.776,0.885,0.935,0.716,0.096
1764058955448,29.222,40.645,11.512,0.885,0.934,0.714,0.096
1764058955555,29.222,40.645,11.512,0.886,0.935,0.716,0.097
1764058955901,28.633,39.577,11.249,0.885,0.935,0.713,0.096
1764058956134,28.633,39.577,11.249,0.885,0.935,0.714,0.096
1764058956214,28.633,39.577,11.249,0.885,0.936,0.714,0.095
1764058956575,28.633,39.577,11.249,0.885,0.934,0.714,0.095
1764058957124,28.633,39.577,11.249,0.884,0.935,0.713,0.096
1764058957511,29.222,40.645,11.512,0.884,0.935,0.714,0.096
1764058957619,29.222,40.645,11.512,0.884,0.934,0.713,0.095
1764058958358,28.633,39.577,11.249,0.883,0.935,0.713,0.095
1764058958740,29.814,41.725,11.776,0.884,0.935,0.712,0.095
1764058958924,28.633,39.577,11.249,0.882,0.934,0.712,0.094
1764058959384,28.633,39.577,11.249,0.884,0.934,0.713,0.094
1764058959750,29.222,40.645,11.512,0.884,0.937,0.713,0.094
1764058960048,29.222,40.645,11.512,0.882,0.934,0.711,0.093
1764058960979,29.222,40.645,11.512,0.882,0.934,0.711,0.094
1764058961263,28.633,39.577,11.249,0.882,0.934,0.71,0.093
1764058961447,31.006,43.921,12.312,0.881,0.934,0.711,0.093
1764058961559,28.048,38.522,10.989,0.882,0.934,0.711,0.093
1764058962194,28.633,39.577,11.249,0.881,0.934,0.71,0.093
1764058962301,29.222,40.645,11.512,0.882,0.935,0.71,0.093
1764058962755,28.633,39.577,11.249,0.882,0.934,0.71,0.093
1764058962932,28.633,39.577,11.249,0.882,0.934,0.711,0.093
1764058963617,29.222,40.645,11.512,0.882,0.935,0.71,0.093
1764058964192,29.814,41.725,11.776,0.882,0.934,0.71,0.093
1764058964344,29.814,41.725,11.776,0.882,0.934,0.71,0.093
1764058964662,28.633,39.577,11.249,0.882,0.935,0.71,0.093
1764058964949,28.633,39.577,11.249,0.881,0.933,0.709,0.093
1764058965503,29.222,40.645,11.512,0.881,0.933,0.71,0.093
1764058965503,28.633,39.577,11.249,0.881,0.934,0.709,0.093
1764058965835,28.048,38.522,10.989,0.881,0.934,0.709,0.092
1764058966441,28.048,38.522,10.989,0.882,0.933,0.708,0.093
1764058966714,28.633,39.577,11.249,0.881,0.934,0.709,0.092
1764058966874,28.633,39.577,11.249,0.881,0.933,0.709,0.092
1764058966975,28.633,39.577,11.249,0.882,0.933,0.709,0.092
1764058967284,28.633,39.577,11.249,0.881,0.933,0.708,0.092
1764058967550,28.048,38.522,10.989,0.881,0.934,0.708,0.092
1764058967832,28.048,38.522,10.989,0.881,0.933,0.708,0.092
1764058968005,28.048,38.522,10.989,0.881,0.933,0.708,0.092
1764058968301,28.048,38.522,10.989,0.88,0.933,0.708,0.092
1764058968607,28.048,38.522,10.989,0.88,0.933,0.708,0.091
1764058968678,28.633,39.577,11.249,0.881,0.934,0.708,0.092
1764058969406,28.048,38.522,10.989,0.881,0.934,0.708,0.091
1764058969612,28.633,39.577,11.249,0.88,0.934,0.708,0.091
1764058970282,28.048,38.522,10.989,0.88,0.934,0.708,0.091
1764058970543,29.222,40.645,11.512,0.88,0.934,0.708,0.091
1764058970843,29.222,40.645,11.512,0.88,0.934,0.708,0.091
1764058971107,28.633,39.577,11.249,0.88,0.934,0.706,0.091
1764058971572,28.048,38.522,10.989,0.878,0.933,0.708,0.09
1764058971842,27.465,37.479,10.73,0.88,0.934,0.706,0.09
1764058972135,28.633,39.577,11.249,0.878,0.934,0.706,0.09
1764058972233,28.633,39.577,11.249,0.877,0.933,0.704,0.09
1764058972518,28.048,38.522,10.989,0.877,0.933,0.705,0.09
1764058972988,26.309,35.429,10.22,0.877,0.933,0.704,0.09
1764058973159,29.222,40.645,11.512,0.877,0.932,0.705,0.09
1764058973532,28.048,38.522,10.989,0.877,0.932,0.705,0.09
1764058973648,28.048,38.522,10.989,0.877,0.933,0.704,0.09
1764058974476,28.048,38.522,10.989,0.877,0.934,0.704,0.09
1764058974764,29.222,40.645,11.512,0.877,0.933,0.704,0.09
1764058975055,28.048,38.522,10.989,0.877,0.933,0.704,0.09
1764058975493,28.633,39.577,11.249,0.877,0.934,0.704,0.09
1764058975892,28.633,39.577,11.249,0.876,0.933,0.702,0.089
1764058976150,29.222,40.645,11.512,0.877,0.933,0.704,0.09
1764058976534,28.048,38.522,10.989,0.877,0.933,0.704,0.09
1764058976727,27.465,37.479,10.73,0.877,0.933,0.704,0.09
1764058977304,28.048,38.522,10.989,0.876,0.932,0.701,0.089
1764058977560,28.048,38.522,10.989,0.876,0.932,0.701,0.089
1764058978137,28.633,39.577,11.249,0.876,0.933,0.701,0.089
1764058978423,28.048,38.522,10.989,0.877,0.932,0.701,0.089
1764058978982,28.048,38.522,10.989,0.876,0.932,0.701,0.089
1764058979452,28.633,39.577,11.249,0.875,0.932,0.7,0.089
1764058979814,29.222,40.645,11.512,0.876,0.932,0.701,0.089
1764058980279,28.633,39.577,11.249,0.877,0.933,0.701,0.089
1764058980505,27.465,37.479,10.73,0.876,0.932,0.701,0.088
1764058981082,28.633,39.577,11.249,0.876,0.932,0.7,0.089
1764058981550,29.222,40.645,11.512,0.874,0.931,0.698,0.088
1764058981921,28.048,38.522,10.989,0.875,0.932,0.7,0.089
1764058982024,29.222,40.645,11.512,0.875,0.931,0.698,0.088
1764058982566,28.048,38.522,10.989,0.875,0.931,0.698,0.088
1764058982759,28.048,38.522,10.989,0.875,0.932,0.7,0.088
1764058983065,27.465,37.479,10.73,0.874,0.932,0.698,0.088
1764058983461,27.465,37.479,10.73,0.875,0.932,0.698,0.088
1764058983727,27.465,37.479,10.73,0.876,0.932,0.7,0.088
1764058983927,27.465,37.479,10.73,0.876,0.932,0.7,0.088
1764058984944,27.465,37.479,10.73,0.875,0.933,0.7,0.088
1764058985239,29.814,41.725,11.776,0.876,0.933,0.698,0.087
1764058985890,28.633,39.577,11.249,0.874,0.933,0.698,0.087
1764058986175,28.048,38.522,10.989,0.875,0.933,0.698,0.087
1764058986531,28.048,38.522,10.989,0.875,0.932,0.698,0.087
1764058986835,28.633,39.577,11.249,0.874,0.932,0.697,0.087
1764058987117,29.222,40.645,11.512,0.874,0.932,0.695,0.086
1764058987335,27.465,37.479,10.73,0.873,0.932,0.697,0.087
1764058987699,27.465,37.479,10.73,0.874,0.932,0.697,0.087
1764058988186,28.048,38.522,10.989,0.873,0.932,0.695,0.087
1764058988400,28.048,38.522,10.989,0.873,0.932,0.695,0.086
1764058988563,27.465,37.479,10.73,0.873,0.93,0.695,0.086
1764058988851,27.465,37.479,10.73,0.873,0.932,0.695,0.086
1764058989122,26.885,36.448,10.474,0.873,0.932,0.695,0.086
1764058989492,26.885,36.448,10.474,0.873,0.933,0.695,0.086
1764058989718,27.465,37.479,10.73,0.872,0.932,0.695,0.086
1764058989868,26.885,36.448,10.474,0.872,0.931,0.695,0.086
1764058990342,27.465,37.479,10.73,0.872,0.932,0.694,0.086
1764058990718,27.465,37.479,10.73,0.871,0.932,0.694,0.086
1764058991008,28.048,38.522,10.989,0.872,0.932,0.694,0.086
1764058991115,26.885,36.448,10.474,0.873,0.933,0.694,0.086
1764058991457,26.885,36.448,10.474,0.872,0.932,0.694,0.086
1764058991769,27.465,37.479,10.73,0.872,0.933,0.693,0.086
1764058991953,26.885,36.448,10.474,0.872,0.932,0.694,0.086
1764058992430,27.465,37.479,10.73,0.87,0.932,0.693,0.086
1764058992500,27.465,37.479,10.73,0.871,0.932,0.693,0.085
1764058992989,26.885,36.448,10.474,0.871,0.932,0.693,0.085
1764058993169,26.885,36.448,10.474,0.87,0.932,0.693,0.086
1764058993264,26.885,36.448,10.474,0.871,0.932,0.693,0.086
1764058993994,26.885,36.448,10.474,0.872,0.933,0.692,0.086
1764058994263,28.048,38.522,10.989,0.87,0.932,0.692,0.086
1764058994494,27.465,37.479,10.73,0.87,0.93,0.692,0.086
1764058994819,26.885,36.448,10.474,0.87,0.932,0.692,0.085
1764058994990,26.309,35.429,10.22,0.87,0.932,0.692,0.085
1764058995204,26.885,36.448,10.474,0.87,0.93,0.692,0.086
1764058995577,26.309,35.429,10.22,0.87,0.931,0.692,0.085
1764058995690,27.465,37.479,10.73,0.87,0.93,0.692,0.085
1764058995975,26.885,36.448,10.474,0.87,0.93,0.69,0.085
1764058996160,26.309,35.429,10.22,0.87,0.931,0.69,0.085
1764058996534,26.885,36.448,10.474,0.87,0.932,0.69,0.085
1764058996808,25.735,34.423,9.968,0.87,0.931,0.69,0.085
1764058996901,26.309,35.429,10.22,0.87,0.931,0.69,0.085
1764058997306,26.309,35.429,10.22,0.869,0.931,0.689,0.085
1764058997491,26.309,35.429,10.22,0.87,0.932,0.69,0.085
1764058997863,26.309,35.429,10.22,0.869,0.93,0.689,0.085
1764058997952,26.309,35.429,10.22,0.87,0.931,0.69,0.085
1764058998216,26.309,35.429,10.22,0.869,0.93,0.689,0.085
1764058998617,26.309,35.429,10.22,0.87,0.931,0.689,0.084
1764058998648,26.309,35.429,10.22,0.87,0.931,0.689,0.085
1764058999016,26.309,35.429,10.22,0.869,0.931,0.689,0.084
1764058999526,28.633,39.577,11.249,0.869,0.93,0.688,0.085
1764058999924,26.309,35.429,10.22,0.869,0.931,0.689,0.085
1764059000320,26.885,36.448,10.474,0.87,0.93,0.689,0.085
1764059000869,26.885,36.448,10.474,0.87,0.93,0.688,0.085
1764059001425,26.885,36.448,10.474,0.869,0.93,0.687,0.084
1764059001717,28.048,38.522,10.989,0.869,0.93,0.687,0.084
1764059001923,26.309,35.429,10.22,0.87,0.93,0.687,0.084
1764059002202,26.885,36.448,10.474,0.87,0.93,0.687,0.084
1764059002491,26.309,35.429,10.22,0.869,0.93,0.686,0.084
1764059003163,26.309,35.429,10.22,0.869,0.93,0.686,0.084
1764059003522,27.465,37.479,10.73,0.869,0.93,0.686,0.084
1764059003760,27.465,37.479,10.73,0.869,0.93,0.686,0.084
1764059004086,26.309,35.429,10.22,0.869,0.93,0.686,0.084
1764059004739,25.735,34.423,9.968,0.869,0.93,0.686,0.083
1764059005001,27.465,37.479,10.73,0.868,0.93,0.685,0.084
1764059005473,26.309,35.429,10.22,0.869,0.93,0.685,0.084
1764059005761,26.309,35.429,10.22,0.869,0.93,0.685,0.084
1764059005969,26.309,35.429,10.22,0.869,0.93,0.686,0.084
1764059006718,26.309,35.429,10.22,0.868,0.929,0.684,0.084
1764059006966,26.885,36.448,10.474,0.868,0.929,0.684,0.084
1764059007674,26.885,36.448,10.474,0.868,0.929,0.684,0.084
1764059008440,26.885,36.448,10.474,0.868,0.93,0.684,0.084
1764059008529,28.633,39.577,11.249,0.868,0.93,0.684,0.084
1764059008698,25.735,34.423,9.968,0.868,0.93,0.684,0.084
1764059009515,25.735,34.423,9.968,0.868,0.929,0.684,0.084
1764059009839,26.885,36.448,10.474,0.869,0.93,0.684,0.084
1764059010119,26.309,35.429,10.22,0.868,0.931,0.684,0.085
1764059010377,25.735,34.423,9.968,0.869,0.929,0.684,0.084
1764059010754,25.735,34.423,9.968,0.869,0.929,0.684,0.084
1764059011146,25.165,33.428,9.718,0.869,0.93,0.684,0.085
1764059011497,26.885,36.448,10.474,0.868,0.929,0.682,0.084
1764059011905,26.309,35.429,10.22,0.869,0.929,0.684,0.085
1764059012549,26.309,35.429,10.22,0.87,0.93,0.684,0.085
1764059012642,26.309,35.429,10.22,0.87,0.93,0.684,0.085
1764059012888,26.309,35.429,10.22,0.871,0.93,0.685,0.087
1764059013193,25.735,34.423,9.968,0.872,0.93,0.684,0.086
1764059014200,25.735,34.423,9.968,0.873,0.93,0.685,0.087
1764059014203,26.885,36.448,10.474,0.874,0.929,0.685,0.088
1764059014203,25.735,34.423,9.968,0.875,0.93,0.686,0.089
1764059014203,25.735,34.423,9.968,0.876,0.929,0.686,0.089
1764059014686,25.735,34.423,9.968,0.877,0.93,0.687,0.089
1764059014764,26.309,35.429,10.22,0.876,0.929,0.686,0.089
1764059015446,25.735,34.423,9.968,0.877,0.929,0.687,0.09
1764059015605,25.735,34.423,9.968,0.877,0.929,0.687,0.09
1764059016538,26.309,35.429,10.22,0.878,0.929,0.69,0.091
1764059016689,27.465,37.479,10.73,0.878,0.929,0.69,0.091
1764059016976,26.885,36.448,10.474,0.88,0.929,0.69,0.092
1764059017250,25.735,34.423,9.968,0.881,0.929,0.692,0.093
1764059018485,25.735,34.423,9.968,0.88,0.929,0.692,0.092
1764059018736,28.048,38.522,10.989,0.881,0.929,0.692,0.093
1764059019004,26.885,36.448,10.474,0.881,0.928,0.692,0.092
1764059019145,27.465,37.479,10.73,0.883,0.929,0.693,0.093
1764059019802,25.735,34.423,9.968,0.883,0.929,0.694,0.093
1764059019995,26.885,36.448,10.474,0.883,0.929,0.694,0.093
1764059020726,26.309,35.429,10.22,0.882,0.928,0.694,0.093
1764059020966,26.309,35.429,10.22,0.882,0.928,0.694,0.093
1764059021211,26.885,36.448,10.474,0.883,0.928,0.695,0.093
1764059021640,26.885,36.448,10.474,0.882,0.928,0.695,0.094
1764059022211,26.309,35.429,10.22,0.883,0.928,0.695,0.094
1764059022622,26.885,36.448,10.474,0.882,0.929,0.695,0.094
1764059023447,27.465,37.479,10.73,0.884,0.929,0.695,0.094
1764059024385,28.633,39.577,11.249,0.884,0.928,0.697,0.094
1764059024646,28.048,38.522,10.989,0.884,0.928,0.697,0.093
1764059025021,26.309,35.429,10.22,0.883,0.928,0.698,0.094
1764059025413,26.885,36.448,10.474,0.884,0.929,0.698,0.094
1764059026618,27.465,37.479,10.73,0.883,0.928,0.698,0.094
1764059026882,28.633,39.577,11.249,0.883,0.928,0.698,0.094
1764059027386,27.465,37.479,10.73,0.884,0.928,0.698,0.094
1764059027946,25.735,34.423,9.968,0.883,0.928,0.698,0.094
1764059028316,28.048,38.522,10.989,0.882,0.928,0.698,0.094
1764059028721,26.309,35.429,10.22,0.883,0.928,0.7,0.094
1764059028921,27.465,37.479,10.73,0.882,0.928,0.698,0.093
1764059029618,26.309,35.429,10.22,0.882,0.926,0.698,0.093
1764059029793,29.222,40.645,11.512,0.882,0.928,0.7,0.094
1764059029884,27.465,37.479,10.73,0.882,0.928,0.7,0.094
1764059030151,26.309,35.429,10.22,0.884,0.928,0.7,0.094
1764059030424,25.735,34.423,9.968,0.884,0.928,0.7,0.094
1764059030882,26.309,35.429,10.22,0.882,0.926,0.698,0.093
1764059031110,26.309,35.429,10.22,0.882,0.928,0.698,0.093
1764059031263,26.309,35.429,10.22,0.882,0.926,0.7,0.094
1764059031681,26.309,35.429,10.22,0.882,0.926,0.7,0.094
1764059031830,26.309,35.429,10.22,0.882,0.926,0.7,0.094
1764059032013,27.465,37.479,10.73,0.884,0.928,0.7,0.093
1764059032328,26.309,35.429,10.22,0.882,0.928,0.7,0.093
1764059033332,26.309,35.429,10.22,0.884,0.928,0.7,0.094
1764059033982,27.465,37.479,10.73,0.883,0.928,0.7,0.094
1764059034193,28.048,38.522,10.989,0.882,0.925,0.698,0.093
1764059034385,27.465,37.479,10.73,0.882,0.925,0.698,0.093
1764059034940,26.309,35.429,10.22,0.882,0.928,0.7,0.094
1764059035124,26.885,36.448,10.474,0.882,0.928,0.7,0.094
1764059035418,26.885,36.448,10.474,0.881,0.925,0.7,0.094
1764059035514,26.885,36.448,10.474,0.882,0.926,0.7,0.093
1764059036714,26.309,35.429,10.22,0.881,0.925,0.698,0.093
1764059037110,27.465,37.479,10.73,0.881,0.926,0.7,0.093
1764059037630,28.633,39.577,11.249,0.881,0.926,0.7,0.093
1764059037633,27.465,37.479,10.73,0.882,0.928,0.7,0.093
1764059038298,26.309,35.429,10.22,0.881,0.925,0.7,0.093
1764059038778,26.885,36.448,10.474,0.881,0.928,0.7,0.094
1764059039057,26.885,36.448,10.474,0.881,0.928,0.7,0.094
1764059039246,26.309,35.429,10.22,0.881,0.928,0.7,0.094
1764059039416,26.309,35.429,10.22,0.881,0.926,0.7,0.093
1764059039923,25.735,34.423,9.968,0.881,0.928,0.7,0.093
1764059040441,26.885,36.448,10.474,0.881,0.928,0.7,0.093
1764059040567,26.885,36.448,10.474,0.881,0.926,0.698,0.093
1764059040929,26.309,35.429,10.22,0.88,0.925,0.698,0.093
1764059040929,26.309,35.429,10.22,0.881,0.926,0.7,0.093
1764059041236,26.309,35.429,10.22,0.881,0.925,0.7,0.093
1764059041700,25.735,34.423,9.968,0.881,0.926,0.7,0.093
1764059042282,26.309,35.429,10.22,0.88,0.925,0.698,0.092
1764059043292,27.465,37.479,10.73,0.88,0.926,0.698,0.093
1764059043457,28.048,38.522,10.989,0.878,0.925,0.698,0.093
1764059044314,27.465,37.479,10.73,0.88,0.925,0.698,0.093
1764059044779,28.048,38.522,10.989,0.88,0.926,0.698,0.093
1764059045063,27.465,37.479,10.73,0.88,0.925,0.698,0.093
1764059045542,26.885,36.448,10.474,0.88,0.925,0.698,0.092
1764059045877,26.309,35.429,10.22,0.879,0.925,0.698,0.093
1764059046101,26.309,35.429,10.22,0.881,0.928,0.698,0.092
1764059046644,26.885,36.448,10.474,0.88,0.926,0.7,0.093
1764059047314,27.465,37.479,10.73,0.878,0.925,0.698,0.092
1764059047775,27.465,37.479,10.73,0.88,0.925,0.698,0.092
1764059048188,26.885,36.448,10.474,0.879,0.926,0.698,0.092
1764059048267,26.309,35.429,10.22,0.88,0.925,0.698,0.092
1764059048730,26.309,35.429,10.22,0.878,0.926,0.698,0.092
1764059048930,26.885,36.448,10.474,0.879,0.924,0.698,0.092
1764059049095,26.309,35.429,10.22,0.878,0.925,0.697,0.092
1764059049756,26.309,35.429,10.22,0.878,0.925,0.697,0.092
1764059050041,26.309,35.429,10.22,0.88,0.925,0.698,0.092
1764059050417,27.465,37.479,10.73,0.878,0.925,0.698,0.092
1764059050989,26.885,36.448,10.474,0.878,0.925,0.697,0.091
1764059051636,26.885,36.448,10.474,0.878,0.925,0.697,0.091
1764059052203,26.885,36.448,10.474,0.877,0.926,0.698,0.092
1764059052679,28.633,39.577,11.249,0.878,0.925,0.697,0.091
1764059053526,26.309,35.429,10.22,0.877,0.925,0.696,0.091
1764059053819,28.633,39.577,11.249,0.878,0.925,0.695,0.091
1764059053989,28.633,39.577,11.249,0.878,0.926,0.695,0.091
1764059054266,26.309,35.429,10.22,0.878,0.925,0.695,0.09
1764059054446,26.309,35.429,10.22,0.877,0.926,0.695,0.09
1764059054825,25.735,34.423,9.968,0.875,0.924,0.695,0.09
1764059055034,26.309,35.429,10.22,0.877,0.926,0.695,0.09
1764059055117,25.735,34.423,9.968,0.876,0.925,0.695,0.09
1764059055561,25.735,34.423,9.968,0.877,0.925,0.695,0.09
1764059055857,25.735,34.423,9.968,0.877,0.925,0.695,0.09
1764059056437,25.165,33.428,9.718,0.877,0.925,0.694,0.09
1764059056716,26.309,35.429,10.22,0.877,0.925,0.694,0.09
1764059056797,26.885,36.448,10.474,0.876,0.925,0.695,0.09
1764059056982,25.735,34.423,9.968,0.876,0.925,0.694,0.09
1764059057831,25.735,34.423,9.968,0.877,0.928,0.695,0.09
1764059057831,27.465,37.479,10.73,0.877,0.925,0.694,0.09
1764059058380,26.309,35.429,10.22,0.877,0.926,0.694,0.089
1764059058782,25.735,34.423,9.968,0.877,0.925,0.694,0.09
1764059059050,26.309,35.429,10.22,0.876,0.925,0.694,0.089
1764059059414,26.309,35.429,10.22,0.876,0.925,0.694,0.089
1764059059529,25.735,34.423,9.968,0.876,0.926,0.694,0.089
1764059059562,25.735,34.423,9.968,0.874,0.925,0.694,0.088
1764059060427,25.735,34.423,9.968,0.875,0.925,0.694,0.088
1764059060624,26.885,36.448,10.474,0.875,0.925,0.693,0.088
1764059061291,26.309,35.429,10.22,0.874,0.925,0.692,0.088
1764059061575,26.885,36.448,10.474,0.874,0.925,0.693,0.088
1764059062070,26.309,35.429,10.22,0.874,0.925,0.692,0.088
1764059062322,26.885,36.448,10.474,0.873,0.925,0.692,0.087
1764059063286,25.735,34.423,9.968,0.872,0.924,0.692,0.088
1764059063723,26.885,36.448,10.474,0.874,0.926,0.69,0.087
1764059064297,28.048,38.522,10.989,0.874,0.928,0.691,0.087
1764059064461,26.885,36.448,10.474,0.874,0.925,0.69,0.087
1764059064671,25.735,34.423,9.968,0.874,0.928,0.692,0.087
1764059064863,25.735,34.423,9.968,0.873,0.926,0.689,0.087
1764059065311,25.735,34.423,9.968,0.873,0.925,0.689,0.087
1764059065778,26.309,35.429,10.22,0.873,0.925,0.689,0.087
1764059065945,26.309,35.429,10.22,0.872,0.925,0.689,0.087
1764059066295,25.735,34.423,9.968,0.873,0.925,0.689,0.087
1764059066318,25.735,34.423,9.968,0.872,0.926,0.689,0.087
1764059067198,25.735,34.423,9.968,0.872,0.925,0.687,0.086
1764059067377,26.309,35.429,10.22,0.873,0.925,0.688,0.086
1764059067761,26.309,35.429,10.22,0.873,0.925,0.686,0.086
1764059068163,25.165,33.428,9.718,0.873,0.925,0.687,0.086
1764059068351,26.885,36.448,10.474,0.874,0.925,0.687,0.086
1764059068776,25.735,34.423,9.968,0.873,0.924,0.686,0.086
1764059069082,25.735,34.423,9.968,0.873,0.925,0.687,0.085
1764059069168,25.735,34.423,9.968,0.873,0.925,0.686,0.086
1764059069645,25.735,34.423,9.968,0.873,0.925,0.686,0.086
1764059069779,26.309,35.429,10.22,0.873,0.924,0.686,0.085
1764059070398,25.735,34.423,9.968,0.872,0.926,0.686,0.086
1764059070828,26.309,35.429,10.22,0.872,0.925,0.686,0.086
1764059071305,25.735,34.423,9.968,0.873,0.925,0.686,0.085
1764059071504,25.735,34.423,9.968,0.873,0.925,0.686,0.085
1764059071898,26.309,35.429,10.22,0.873,0.925,0.685,0.085
1764059072169,26.885,36.448,10.474,0.873,0.925,0.685,0.085
1764059072933,25.735,34.423,9.968,0.873,0.926,0.686,0.085
1764059073117,26.309,35.429,10.22,0.873,0.926,0.686,0.085
1764059073693,26.309,35.429,10.22,0.873,0.925,0.684,0.085
1764059073938,26.309,35.429,10.22,0.873,0.925,0.685,0.085
1764059074326,26.309,35.429,10.22,0.873,0.925,0.684,0.085
1764059074772,25.735,34.423,9.968,0.873,0.925,0.684,0.085
1764059075058,26.309,35.429,10.22,0.873,0.925,0.684,0.085
1764059075358,26.309,35.429,10.22,0.872,0.925,0.684,0.084
1764059075734,26.309,35.429,10.22,0.873,0.925,0.684,0.084
1764059076242,26.309,35.429,10.22,0.873,0.925,0.684,0.084
1764059076495,25.165,33.428,9.718,0.872,0.925,0.682,0.084
1764059076775,25.735,34.423,9.968,0.873,0.925,0.683,0.084
1764059077065,25.735,34.423,9.968,0.872,0.925,0.682,0.084
1764059077504,26.309,35.429,10.22,0.873,0.925,0.684,0.085
1764059077969,26.309,35.429,10.22,0.873,0.928,0.684,0.084
1764059078072,26.309,35.429,10.22,0.874,0.925,0.684,0.084
1764059079016,25.165,33.428,9.718,0.873,0.925,0.682,0.083
1764059079205,27.465,37.479,10.73,0.872,0.925,0.682,0.084
1764059079437,25.735,34.423,9.968,0.873,0.925,0.681,0.083
1764059079899,25.165,33.428,9.718,0.872,0.925,0.682,0.083
1764059080140,25.165,33.428,9.718,0.871,0.925,0.681,0.083
1764059080366,26.309,35.429,10.22,0.872,0.924,0.681,0.084
1764059080708,25.735,34.423,9.968,0.872,0.925,0.68,0.083
1764059081026,25.165,33.428,9.718,0.873,0.925,0.681,0.084
1764059081434,25.165,33.428,9.718,0.871,0.925,0.679,0.083
1764059081846,25.735,34.423,9.968,0.871,0.924,0.678,0.083
1764059082088,26.309,35.429,10.22,0.871,0.925,0.679,0.083
1764059082668,25.735,34.423,9.968,0.871,0.925,0.679,0.083
1764059083076,26.309,35.429,10.22,0.872,0.925,0.679,0.083
1764059083507,26.309,35.429,10.22,0.871,0.924,0.679,0.083
1764059084095,25.735,34.423,9.968,0.871,0.924,0.678,0.083
1764059084462,26.309,35.429,10.22,0.871,0.925,0.678,0.083
1764059084653,26.309,35.429,10.22,0.871,0.924,0.678,0.083
1764059084654,25.735,34.423,9.968,0.872,0.924,0.678,0.083
1764059085463,25.165,33.428,9.718,0.87,0.924,0.678,0.082
1764059085954,25.735,34.423,9.968,0.871,0.925,0.678,0.083
1764059086370,26.885,36.448,10.474,0.871,0.924,0.677,0.082
1764059086795,26.309,35.429,10.22,0.871,0.924,0.677,0.083
1764059087024,26.309,35.429,10.22,0.87,0.924,0.677,0.083
1764059087839,25.165,33.428,9.718,0.87,0.924,0.677,0.082
1764059088286,26.309,35.429,10.22,0.87,0.925,0.677,0.082
1764059088760,26.309,35.429,10.22,0.869,0.924,0.676,0.082
1764059089076,26.309,35.429,10.22,0.869,0.924,0.676,0.081
1764059089549,25.735,34.423,9.968,0.87,0.924,0.674,0.081
1764059089880,25.735,34.423,9.968,0.869,0.923,0.676,0.081
1764059090445,26.309,35.429,10.22,0.869,0.924,0.676,0.081
1764059090853,25.735,34.423,9.968,0.869,0.924,0.676,0.081
1764059091209,25.735,34.423,9.968,0.868,0.924,0.676,0.081
1764059091420,25.735,34.423,9.968,0.868,0.925,0.674,0.081
1764059091492,25.165,33.428,9.718,0.867,0.923,0.674,0.081
1764059092241,24.597,32.446,9.47,0.868,0.923,0.674,0.081
1764059102647,31.006,43.921,12.312,0.868,0.924,0.669,0.079
1764059103055,24.033,31.476,9.224,0.867,0.924,0.668,0.079
1764059103244,24.597,32.446,9.47,0.868,0.923,0.668,0.079
1764059103460,24.033,31.476,9.224,0.866,0.924,0.668,0.079
1764059103717,24.597,32.446,9.47,0.868,0.924,0.668,0.079
1764059103951,24.033,31.476,9.224,0.867,0.924,0.668,0.079
1764059104036,24.033,31.476,9.224,0.868,0.925,0.668,0.079
1764059104489,24.033,31.476,9.224,0.868,0.924,0.668,0.079
1764059104948,24.597,32.446,9.47,0.868,0.923,0.668,0.078
1764059105256,24.033,31.476,9.224,0.867,0.924,0.668,0.079
1764059105256,24.597,32.446,9.47,0.867,0.923,0.668,0.078
1764059105801,24.033,31.476,9.224,0.866,0.923,0.666,0.078
1764059105903,24.597,32.446,9.47,0.866,0.922,0.666,0.078
1764059106546,24.033,31.476,9.224,0.866,0.922,0.666,0.078
1764059106914,24.033,31.476,9.224,0.866,0.922,0.666,0.078
1764059107211,24.597,32.446,9.47,0.866,0.923,0.666,0.078
1764059107300,24.597,32.446,9.47,0.867,0.923,0.668,0.078
1764059107900,24.033,31.476,9.224,0.866,0.922,0.665,0.078
1764059108145,24.597,32.446,9.47,0.866,0.923,0.665,0.078
1764059108638,24.033,31.476,9.224,0.867,0.925,0.666,0.078
1764059108915,24.597,32.446,9.47,0.868,0.925,0.666,0.078
1764059109171,24.033,31.476,9.224,0.868,0.925,0.666,0.078
1764059109297,24.597,32.446,9.47,0.866,0.924,0.665,0.078
1764059109933,24.033,31.476,9.224,0.866,0.922,0.663,0.077
1764059110297,24.597,32.446,9.47,0.867,0.924,0.663,0.077
1764059110476,24.597,32.446,9.47,0.866,0.924,0.664,0.078
1764059110497,24.033,31.476,9.224,0.865,0.923,0.663,0.077
1764059111039,23.472,30.519,8.98,0.866,0.923,0.663,0.077
1764059111278,23.472,30.519,8.98,0.866,0.923,0.664,0.077
1764059111632,23.472,30.519,8.98,0.865,0.923,0.663,0.077
1764059111853,22.914,29.574,8.739,0.865,0.923,0.663,0.077
1764059112093,23.472,30.519,8.98,0.865,0.922,0.663,0.077
1764059112589,24.597,32.446,9.47,0.865,0.923,0.663,0.077
1764059112871,24.597,32.446,9.47,0.865,0.922,0.663,0.077
1764059113044,23.472,30.519,8.98,0.866,0.923,0.662,0.077
1764059113591,22.36,28.641,8.499,0.866,0.923,0.662,0.078
1764059113888,24.033,31.476,9.224,0.865,0.923,0.662,0.077
1764059114244,24.597,32.446,9.47,0.866,0.923,0.662,0.078
1764059114822,24.033,31.476,9.224,0.865,0.922,0.661,0.077
1764059115399,24.597,32.446,9.47,0.865,0.922,0.662,0.078
1764059115658,24.597,32.446,9.47,0.866,0.922,0.662,0.077
1764059115861,24.597,32.446,9.47,0.868,0.924,0.662,0.077
1764059116647,24.597,32.446,9.47,0.866,0.923,0.662,0.078
1764059116878,24.597,32.446,9.47,0.866,0.922,0.662,0.078
1764059117289,25.165,33.428,9.718,0.866,0.922,0.662,0.078
1764059117455,24.033,31.476,9.224,0.866,0.922,0.662,0.078
1764059117829,23.472,30.519,8.98,0.866,0.922,0.662,0.078
1764059117829,23.472,30.519,8.98,0.866,0.922,0.661,0.078
1764059118774,23.472,30.519,8.98,0.866,0.922,0.662,0.078
1764059119119,24.597,32.446,9.47,0.866,0.922,0.662,0.078
1764059119217,25.165,33.428,9.718,0.866,0.923,0.662,0.078
1764059119499,23.472,30.519,8.98,0.867,0.922,0.662,0.078
1764059119866,23.472,30.519,8.98,0.868,0.922,0.662,0.078
1764059120242,23.472,30.519,8.98,0.866,0.922,0.662,0.078
1764059121058,24.033,31.476,9.224,0.866,0.922,0.662,0.078
1764059121410,24.597,32.446,9.47,0.868,0.922,0.662,0.078
1764059121578,25.165,33.428,9.718,0.866,0.921,0.661,0.078
1764059122415,23.472,30.519,8.98,0.866,0.922,0.661,0.077
1764059122724,25.165,33.428,9.718,0.866,0.922,0.661,0.078
1764059122910,24.033,31.476,9.224,0.867,0.922,0.662,0.077
1764059123405,23.472,30.519,8.98,0.867,0.921,0.661,0.077
1764059123738,23.472,30.519,8.98,0.866,0.921,0.661,0.078
1764059124041,23.472,30.519,8.98,0.866,0.922,0.661,0.077
1764059124241,24.033,31.476,9.224,0.867,0.921,0.66,0.077
1764059124371,23.472,30.519,8.98,0.866,0.921,0.661,0.078
1764059124943,23.472,30.519,8.98,0.866,0.922,0.661,0.078
1764059125279,23.472,30.519,8.98,0.867,0.921,0.661,0.078
1764059125337,24.033,31.476,9.224,0.867,0.921,0.661,0.078
1764059125698,23.472,30.519,8.98,0.867,0.922,0.66,0.078
1764059126346,23.472,30.519,8.98,0.867,0.921,0.661,0.078
1764059126550,24.033,31.476,9.224,0.867,0.922,0.661,0.077
1764059126674,24.033,31.476,9.224,0.868,0.923,0.662,0.078
1764059127016,23.472,30.519,8.98,0.868,0.922,0.661,0.077
1764059127024,23.472,30.519,8.98,0.867,0.922,0.661,0.078
1764059127386,23.472,30.519,8.98,0.869,0.922,0.662,0.078
1764059127943,22.914,29.574,8.739,0.867,0.922,0.661,0.078
1764059128151,23.472,30.519,8.98,0.866,0.921,0.662,0.078
1764059128173,25.735,34.423,9.968,0.868,0.921,0.661,0.078
1764059128649,23.472,30.519,8.98,0.868,0.922,0.661,0.078
